$CSV$COLUMNTITLES$username,password,firstname,middlename,lastname,email,rol$SEPARATOR$,
devuser1,devuser1,First1,Middle1,Last1,devuser1,ADMIN
devuser2,devuser2,First2,Middle2,Last2,devuser2,ADMIN
devuser3,devuser3,First3,Middle3,Last3,devuser3,ADMIN
devuser4,devuser4,First4,Middle4,Last4,devuser4,ADMIN
devuser5,devuser5,First5,Middle5,Last5,devuser5,ADMIN
devuser6,devuser6,First6,Middle6,Last6,devuser6,ADMIN
devuser7,devuser7,First7,Middle7,Last7,devuser7,ADMIN
devuser8,devuser8,First8,Middle8,Last8,devuser8,ADMIN
devuser9,devuser9,First9,Middle9,Last9,devuser9,ADMIN
devuser10,devuser10,First10,Middle10,Last10,devuser10,ADMIN
devuser11,devuser11,First11,Middle11,Last11,devuser11,ADMIN
devuser12,devuser12,First12,Middle12,Last12,devuser12,ADMIN
devuser13,devuser13,First13,Middle13,Last13,devuser13,ADMIN
devuser14,devuser14,First14,Middle14,Last14,devuser14,ADMIN
devuser15,devuser15,First15,Middle15,Last15,devuser15,ADMIN
devuser16,devuser16,First16,Middle16,Last16,devuser16,ADMIN
devuser17,devuser17,First17,Middle17,Last17,devuser17,ADMIN
devuser18,devuser18,First18,Middle18,Last18,devuser18,ADMIN
devuser19,devuser19,First19,Middle19,Last19,devuser19,ADMIN
devuser20,devuser20,First20,Middle20,Last20,devuser20,ADMIN
devuser21,devuser21,First21,Middle21,Last21,devuser21,ADMIN
devuser22,devuser22,First22,Middle22,Last22,devuser22,ADMIN
devuser23,devuser23,First23,Middle23,Last23,devuser23,ADMIN
devuser24,devuser24,First24,Middle24,Last24,devuser24,ADMIN
devuser25,devuser25,First25,Middle25,Last25,devuser25,ADMIN
devuser26,devuser26,First26,Middle26,Last26,devuser26,ADMIN
devuser27,devuser27,First27,Middle27,Last27,devuser27,ADMIN
devuser28,devuser28,First28,Middle28,Last28,devuser28,ADMIN
devuser29,devuser29,First29,Middle29,Last29,devuser29,ADMIN
devuser30,devuser30,First30,Middle30,Last30,devuser30,ADMIN
devuser31,devuser31,First31,Middle31,Last31,devuser31,ADMIN
devuser32,devuser32,First32,Middle32,Last32,devuser32,ADMIN
devuser33,devuser33,First33,Middle33,Last33,devuser33,ADMIN
devuser34,devuser34,First34,Middle34,Last34,devuser34,ADMIN
devuser35,devuser35,First35,Middle35,Last35,devuser35,ADMIN
devuser36,devuser36,First36,Middle36,Last36,devuser36,ADMIN
devuser37,devuser37,First37,Middle37,Last37,devuser37,ADMIN
devuser38,devuser38,First38,Middle38,Last38,devuser38,ADMIN
devuser39,devuser39,First39,Middle39,Last39,devuser39,ADMIN
devuser40,devuser40,First40,Middle40,Last40,devuser40,ADMIN
devuser41,devuser41,First41,Middle41,Last41,devuser41,ADMIN
devuser42,devuser42,First42,Middle42,Last42,devuser42,ADMIN
devuser43,devuser43,First43,Middle43,Last43,devuser43,ADMIN
devuser44,devuser44,First44,Middle44,Last44,devuser44,ADMIN
devuser45,devuser45,First45,Middle45,Last45,devuser45,ADMIN
devuser46,devuser46,First46,Middle46,Last46,devuser46,ADMIN
devuser47,devuser47,First47,Middle47,Last47,devuser47,ADMIN
devuser48,devuser48,First48,Middle48,Last48,devuser48,ADMIN
devuser49,devuser49,First49,Middle49,Last49,devuser49,ADMIN
devuser50,devuser50,First50,Middle50,Last50,devuser50,ADMIN
devuser51,devuser51,First51,Middle51,Last51,devuser51,ADMIN
devuser52,devuser52,First52,Middle52,Last52,devuser52,ADMIN
devuser53,devuser53,First53,Middle53,Last53,devuser53,ADMIN
devuser54,devuser54,First54,Middle54,Last54,devuser54,ADMIN
devuser55,devuser55,First55,Middle55,Last55,devuser55,ADMIN
devuser56,devuser56,First56,Middle56,Last56,devuser56,ADMIN
devuser57,devuser57,First57,Middle57,Last57,devuser57,ADMIN
devuser58,devuser58,First58,Middle58,Last58,devuser58,ADMIN
devuser59,devuser59,First59,Middle59,Last59,devuser59,ADMIN
devuser60,devuser60,First60,Middle60,Last60,devuser60,ADMIN
devuser61,devuser61,First61,Middle61,Last61,devuser61,ADMIN
devuser62,devuser62,First62,Middle62,Last62,devuser62,ADMIN
devuser63,devuser63,First63,Middle63,Last63,devuser63,ADMIN
devuser64,devuser64,First64,Middle64,Last64,devuser64,ADMIN
devuser65,devuser65,First65,Middle65,Last65,devuser65,ADMIN
devuser66,devuser66,First66,Middle66,Last66,devuser66,ADMIN
devuser67,devuser67,First67,Middle67,Last67,devuser67,ADMIN
devuser68,devuser68,First68,Middle68,Last68,devuser68,ADMIN
devuser69,devuser69,First69,Middle69,Last69,devuser69,ADMIN
devuser70,devuser70,First70,Middle70,Last70,devuser70,ADMIN
devuser71,devuser71,First71,Middle71,Last71,devuser71,ADMIN
devuser72,devuser72,First72,Middle72,Last72,devuser72,ADMIN
devuser73,devuser73,First73,Middle73,Last73,devuser73,ADMIN
devuser74,devuser74,First74,Middle74,Last74,devuser74,ADMIN
devuser75,devuser75,First75,Middle75,Last75,devuser75,ADMIN
devuser76,devuser76,First76,Middle76,Last76,devuser76,ADMIN
devuser77,devuser77,First77,Middle77,Last77,devuser77,ADMIN
devuser78,devuser78,First78,Middle78,Last78,devuser78,ADMIN
devuser79,devuser79,First79,Middle79,Last79,devuser79,ADMIN
devuser80,devuser80,First80,Middle80,Last80,devuser80,ADMIN
devuser81,devuser81,First81,Middle81,Last81,devuser81,ADMIN
devuser82,devuser82,First82,Middle82,Last82,devuser82,ADMIN
devuser83,devuser83,First83,Middle83,Last83,devuser83,ADMIN
devuser84,devuser84,First84,Middle84,Last84,devuser84,ADMIN
devuser85,devuser85,First85,Middle85,Last85,devuser85,ADMIN
devuser86,devuser86,First86,Middle86,Last86,devuser86,ADMIN
devuser87,devuser87,First87,Middle87,Last87,devuser87,ADMIN
devuser88,devuser88,First88,Middle88,Last88,devuser88,ADMIN
devuser89,devuser89,First89,Middle89,Last89,devuser89,ADMIN
devuser90,devuser90,First90,Middle90,Last90,devuser90,ADMIN
devuser91,devuser91,First91,Middle91,Last91,devuser91,ADMIN
devuser92,devuser92,First92,Middle92,Last92,devuser92,ADMIN
devuser93,devuser93,First93,Middle93,Last93,devuser93,ADMIN
devuser94,devuser94,First94,Middle94,Last94,devuser94,ADMIN
devuser95,devuser95,First95,Middle95,Last95,devuser95,ADMIN
devuser96,devuser96,First96,Middle96,Last96,devuser96,ADMIN
devuser97,devuser97,First97,Middle97,Last97,devuser97,ADMIN
devuser98,devuser98,First98,Middle98,Last98,devuser98,ADMIN
devuser99,devuser99,First99,Middle99,Last99,devuser99,ADMIN
devuser100,devuser100,First100,Middle100,Last100,devuser100,ADMIN
devuser101,devuser101,First101,Middle101,Last101,devuser101,ADMIN
devuser102,devuser102,First102,Middle102,Last102,devuser102,ADMIN
devuser103,devuser103,First103,Middle103,Last103,devuser103,ADMIN
devuser104,devuser104,First104,Middle104,Last104,devuser104,ADMIN
devuser105,devuser105,First105,Middle105,Last105,devuser105,ADMIN
devuser106,devuser106,First106,Middle106,Last106,devuser106,ADMIN
devuser107,devuser107,First107,Middle107,Last107,devuser107,ADMIN
devuser108,devuser108,First108,Middle108,Last108,devuser108,ADMIN
devuser109,devuser109,First109,Middle109,Last109,devuser109,ADMIN
devuser110,devuser110,First110,Middle110,Last110,devuser110,ADMIN
devuser111,devuser111,First111,Middle111,Last111,devuser111,ADMIN
devuser112,devuser112,First112,Middle112,Last112,devuser112,ADMIN
devuser113,devuser113,First113,Middle113,Last113,devuser113,ADMIN
devuser114,devuser114,First114,Middle114,Last114,devuser114,ADMIN
devuser115,devuser115,First115,Middle115,Last115,devuser115,ADMIN
devuser116,devuser116,First116,Middle116,Last116,devuser116,ADMIN
devuser117,devuser117,First117,Middle117,Last117,devuser117,ADMIN
devuser118,devuser118,First118,Middle118,Last118,devuser118,ADMIN
devuser119,devuser119,First119,Middle119,Last119,devuser119,ADMIN
devuser120,devuser120,First120,Middle120,Last120,devuser120,ADMIN
devuser121,devuser121,First121,Middle121,Last121,devuser121,ADMIN
devuser122,devuser122,First122,Middle122,Last122,devuser122,ADMIN
devuser123,devuser123,First123,Middle123,Last123,devuser123,ADMIN
devuser124,devuser124,First124,Middle124,Last124,devuser124,ADMIN
devuser125,devuser125,First125,Middle125,Last125,devuser125,ADMIN
devuser126,devuser126,First126,Middle126,Last126,devuser126,ADMIN
devuser127,devuser127,First127,Middle127,Last127,devuser127,ADMIN
devuser128,devuser128,First128,Middle128,Last128,devuser128,ADMIN
devuser129,devuser129,First129,Middle129,Last129,devuser129,ADMIN
devuser130,devuser130,First130,Middle130,Last130,devuser130,ADMIN
devuser131,devuser131,First131,Middle131,Last131,devuser131,ADMIN
devuser132,devuser132,First132,Middle132,Last132,devuser132,ADMIN
devuser133,devuser133,First133,Middle133,Last133,devuser133,ADMIN
devuser134,devuser134,First134,Middle134,Last134,devuser134,ADMIN
devuser135,devuser135,First135,Middle135,Last135,devuser135,ADMIN
devuser136,devuser136,First136,Middle136,Last136,devuser136,ADMIN
devuser137,devuser137,First137,Middle137,Last137,devuser137,ADMIN
devuser138,devuser138,First138,Middle138,Last138,devuser138,ADMIN
devuser139,devuser139,First139,Middle139,Last139,devuser139,ADMIN
devuser140,devuser140,First140,Middle140,Last140,devuser140,ADMIN
devuser141,devuser141,First141,Middle141,Last141,devuser141,ADMIN
devuser142,devuser142,First142,Middle142,Last142,devuser142,ADMIN
devuser143,devuser143,First143,Middle143,Last143,devuser143,ADMIN
devuser144,devuser144,First144,Middle144,Last144,devuser144,ADMIN
devuser145,devuser145,First145,Middle145,Last145,devuser145,ADMIN
devuser146,devuser146,First146,Middle146,Last146,devuser146,ADMIN
devuser147,devuser147,First147,Middle147,Last147,devuser147,ADMIN
devuser148,devuser148,First148,Middle148,Last148,devuser148,ADMIN
devuser149,devuser149,First149,Middle149,Last149,devuser149,ADMIN
devuser150,devuser150,First150,Middle150,Last150,devuser150,ADMIN
devuser151,devuser151,First151,Middle151,Last151,devuser151,ADMIN
devuser152,devuser152,First152,Middle152,Last152,devuser152,ADMIN
devuser153,devuser153,First153,Middle153,Last153,devuser153,ADMIN
devuser154,devuser154,First154,Middle154,Last154,devuser154,ADMIN
devuser155,devuser155,First155,Middle155,Last155,devuser155,ADMIN
devuser156,devuser156,First156,Middle156,Last156,devuser156,ADMIN
devuser157,devuser157,First157,Middle157,Last157,devuser157,ADMIN
devuser158,devuser158,First158,Middle158,Last158,devuser158,ADMIN
devuser159,devuser159,First159,Middle159,Last159,devuser159,ADMIN
devuser160,devuser160,First160,Middle160,Last160,devuser160,ADMIN
devuser161,devuser161,First161,Middle161,Last161,devuser161,ADMIN
devuser162,devuser162,First162,Middle162,Last162,devuser162,ADMIN
devuser163,devuser163,First163,Middle163,Last163,devuser163,ADMIN
devuser164,devuser164,First164,Middle164,Last164,devuser164,ADMIN
devuser165,devuser165,First165,Middle165,Last165,devuser165,ADMIN
devuser166,devuser166,First166,Middle166,Last166,devuser166,ADMIN
devuser167,devuser167,First167,Middle167,Last167,devuser167,ADMIN
devuser168,devuser168,First168,Middle168,Last168,devuser168,ADMIN
devuser169,devuser169,First169,Middle169,Last169,devuser169,ADMIN
devuser170,devuser170,First170,Middle170,Last170,devuser170,ADMIN
devuser171,devuser171,First171,Middle171,Last171,devuser171,ADMIN
devuser172,devuser172,First172,Middle172,Last172,devuser172,ADMIN
devuser173,devuser173,First173,Middle173,Last173,devuser173,ADMIN
devuser174,devuser174,First174,Middle174,Last174,devuser174,ADMIN
devuser175,devuser175,First175,Middle175,Last175,devuser175,ADMIN
devuser176,devuser176,First176,Middle176,Last176,devuser176,ADMIN
devuser177,devuser177,First177,Middle177,Last177,devuser177,ADMIN
devuser178,devuser178,First178,Middle178,Last178,devuser178,ADMIN
devuser179,devuser179,First179,Middle179,Last179,devuser179,ADMIN
devuser180,devuser180,First180,Middle180,Last180,devuser180,ADMIN
devuser181,devuser181,First181,Middle181,Last181,devuser181,ADMIN
devuser182,devuser182,First182,Middle182,Last182,devuser182,ADMIN
devuser183,devuser183,First183,Middle183,Last183,devuser183,ADMIN
devuser184,devuser184,First184,Middle184,Last184,devuser184,ADMIN
devuser185,devuser185,First185,Middle185,Last185,devuser185,ADMIN
devuser186,devuser186,First186,Middle186,Last186,devuser186,ADMIN
devuser187,devuser187,First187,Middle187,Last187,devuser187,ADMIN
devuser188,devuser188,First188,Middle188,Last188,devuser188,ADMIN
devuser189,devuser189,First189,Middle189,Last189,devuser189,ADMIN
devuser190,devuser190,First190,Middle190,Last190,devuser190,ADMIN
devuser191,devuser191,First191,Middle191,Last191,devuser191,ADMIN
devuser192,devuser192,First192,Middle192,Last192,devuser192,ADMIN
devuser193,devuser193,First193,Middle193,Last193,devuser193,ADMIN
devuser194,devuser194,First194,Middle194,Last194,devuser194,ADMIN
devuser195,devuser195,First195,Middle195,Last195,devuser195,ADMIN
devuser196,devuser196,First196,Middle196,Last196,devuser196,ADMIN
devuser197,devuser197,First197,Middle197,Last197,devuser197,ADMIN
devuser198,devuser198,First198,Middle198,Last198,devuser198,ADMIN
devuser199,devuser199,First199,Middle199,Last199,devuser199,ADMIN
devuser200,devuser200,First200,Middle200,Last200,devuser200,ADMIN
devuser201,devuser201,First201,Middle201,Last201,devuser201,ADMIN
devuser202,devuser202,First202,Middle202,Last202,devuser202,ADMIN
devuser203,devuser203,First203,Middle203,Last203,devuser203,ADMIN
devuser204,devuser204,First204,Middle204,Last204,devuser204,ADMIN
devuser205,devuser205,First205,Middle205,Last205,devuser205,ADMIN
devuser206,devuser206,First206,Middle206,Last206,devuser206,ADMIN
devuser207,devuser207,First207,Middle207,Last207,devuser207,ADMIN
devuser208,devuser208,First208,Middle208,Last208,devuser208,ADMIN
devuser209,devuser209,First209,Middle209,Last209,devuser209,ADMIN
devuser210,devuser210,First210,Middle210,Last210,devuser210,ADMIN
devuser211,devuser211,First211,Middle211,Last211,devuser211,ADMIN
devuser212,devuser212,First212,Middle212,Last212,devuser212,ADMIN
devuser213,devuser213,First213,Middle213,Last213,devuser213,ADMIN
devuser214,devuser214,First214,Middle214,Last214,devuser214,ADMIN
devuser215,devuser215,First215,Middle215,Last215,devuser215,ADMIN
devuser216,devuser216,First216,Middle216,Last216,devuser216,ADMIN
devuser217,devuser217,First217,Middle217,Last217,devuser217,ADMIN
devuser218,devuser218,First218,Middle218,Last218,devuser218,ADMIN
devuser219,devuser219,First219,Middle219,Last219,devuser219,ADMIN
devuser220,devuser220,First220,Middle220,Last220,devuser220,ADMIN
devuser221,devuser221,First221,Middle221,Last221,devuser221,ADMIN
devuser222,devuser222,First222,Middle222,Last222,devuser222,ADMIN
devuser223,devuser223,First223,Middle223,Last223,devuser223,ADMIN
devuser224,devuser224,First224,Middle224,Last224,devuser224,ADMIN
devuser225,devuser225,First225,Middle225,Last225,devuser225,ADMIN
devuser226,devuser226,First226,Middle226,Last226,devuser226,ADMIN
devuser227,devuser227,First227,Middle227,Last227,devuser227,ADMIN
devuser228,devuser228,First228,Middle228,Last228,devuser228,ADMIN
devuser229,devuser229,First229,Middle229,Last229,devuser229,ADMIN
devuser230,devuser230,First230,Middle230,Last230,devuser230,ADMIN
devuser231,devuser231,First231,Middle231,Last231,devuser231,ADMIN
devuser232,devuser232,First232,Middle232,Last232,devuser232,ADMIN
devuser233,devuser233,First233,Middle233,Last233,devuser233,ADMIN
devuser234,devuser234,First234,Middle234,Last234,devuser234,ADMIN
devuser235,devuser235,First235,Middle235,Last235,devuser235,ADMIN
devuser236,devuser236,First236,Middle236,Last236,devuser236,ADMIN
devuser237,devuser237,First237,Middle237,Last237,devuser237,ADMIN
devuser238,devuser238,First238,Middle238,Last238,devuser238,ADMIN
devuser239,devuser239,First239,Middle239,Last239,devuser239,ADMIN
devuser240,devuser240,First240,Middle240,Last240,devuser240,ADMIN
devuser241,devuser241,First241,Middle241,Last241,devuser241,ADMIN
devuser242,devuser242,First242,Middle242,Last242,devuser242,ADMIN
devuser243,devuser243,First243,Middle243,Last243,devuser243,ADMIN
devuser244,devuser244,First244,Middle244,Last244,devuser244,ADMIN
devuser245,devuser245,First245,Middle245,Last245,devuser245,ADMIN
devuser246,devuser246,First246,Middle246,Last246,devuser246,ADMIN
devuser247,devuser247,First247,Middle247,Last247,devuser247,ADMIN
devuser248,devuser248,First248,Middle248,Last248,devuser248,ADMIN
devuser249,devuser249,First249,Middle249,Last249,devuser249,ADMIN
devuser250,devuser250,First250,Middle250,Last250,devuser250,ADMIN
devuser251,devuser251,First251,Middle251,Last251,devuser251,ADMIN
devuser252,devuser252,First252,Middle252,Last252,devuser252,ADMIN
devuser253,devuser253,First253,Middle253,Last253,devuser253,ADMIN
devuser254,devuser254,First254,Middle254,Last254,devuser254,ADMIN
devuser255,devuser255,First255,Middle255,Last255,devuser255,ADMIN
devuser256,devuser256,First256,Middle256,Last256,devuser256,ADMIN
devuser257,devuser257,First257,Middle257,Last257,devuser257,ADMIN
devuser258,devuser258,First258,Middle258,Last258,devuser258,ADMIN
devuser259,devuser259,First259,Middle259,Last259,devuser259,ADMIN
devuser260,devuser260,First260,Middle260,Last260,devuser260,ADMIN
devuser261,devuser261,First261,Middle261,Last261,devuser261,ADMIN
devuser262,devuser262,First262,Middle262,Last262,devuser262,ADMIN
devuser263,devuser263,First263,Middle263,Last263,devuser263,ADMIN
devuser264,devuser264,First264,Middle264,Last264,devuser264,ADMIN
devuser265,devuser265,First265,Middle265,Last265,devuser265,ADMIN
devuser266,devuser266,First266,Middle266,Last266,devuser266,ADMIN
devuser267,devuser267,First267,Middle267,Last267,devuser267,ADMIN
devuser268,devuser268,First268,Middle268,Last268,devuser268,ADMIN
devuser269,devuser269,First269,Middle269,Last269,devuser269,ADMIN
devuser270,devuser270,First270,Middle270,Last270,devuser270,ADMIN
devuser271,devuser271,First271,Middle271,Last271,devuser271,ADMIN
devuser272,devuser272,First272,Middle272,Last272,devuser272,ADMIN
devuser273,devuser273,First273,Middle273,Last273,devuser273,ADMIN
devuser274,devuser274,First274,Middle274,Last274,devuser274,ADMIN
devuser275,devuser275,First275,Middle275,Last275,devuser275,ADMIN
devuser276,devuser276,First276,Middle276,Last276,devuser276,ADMIN
devuser277,devuser277,First277,Middle277,Last277,devuser277,ADMIN
devuser278,devuser278,First278,Middle278,Last278,devuser278,ADMIN
devuser279,devuser279,First279,Middle279,Last279,devuser279,ADMIN
devuser280,devuser280,First280,Middle280,Last280,devuser280,ADMIN
devuser281,devuser281,First281,Middle281,Last281,devuser281,ADMIN
devuser282,devuser282,First282,Middle282,Last282,devuser282,ADMIN
devuser283,devuser283,First283,Middle283,Last283,devuser283,ADMIN
devuser284,devuser284,First284,Middle284,Last284,devuser284,ADMIN
devuser285,devuser285,First285,Middle285,Last285,devuser285,ADMIN
devuser286,devuser286,First286,Middle286,Last286,devuser286,ADMIN
devuser287,devuser287,First287,Middle287,Last287,devuser287,ADMIN
devuser288,devuser288,First288,Middle288,Last288,devuser288,ADMIN
devuser289,devuser289,First289,Middle289,Last289,devuser289,ADMIN
devuser290,devuser290,First290,Middle290,Last290,devuser290,ADMIN
devuser291,devuser291,First291,Middle291,Last291,devuser291,ADMIN
devuser292,devuser292,First292,Middle292,Last292,devuser292,ADMIN
devuser293,devuser293,First293,Middle293,Last293,devuser293,ADMIN
devuser294,devuser294,First294,Middle294,Last294,devuser294,ADMIN
devuser295,devuser295,First295,Middle295,Last295,devuser295,ADMIN
devuser296,devuser296,First296,Middle296,Last296,devuser296,ADMIN
devuser297,devuser297,First297,Middle297,Last297,devuser297,ADMIN
devuser298,devuser298,First298,Middle298,Last298,devuser298,ADMIN
devuser299,devuser299,First299,Middle299,Last299,devuser299,ADMIN
devuser300,devuser300,First300,Middle300,Last300,devuser300,ADMIN
devuser301,devuser301,First301,Middle301,Last301,devuser301,ADMIN
devuser302,devuser302,First302,Middle302,Last302,devuser302,ADMIN
devuser303,devuser303,First303,Middle303,Last303,devuser303,ADMIN
devuser304,devuser304,First304,Middle304,Last304,devuser304,ADMIN
devuser305,devuser305,First305,Middle305,Last305,devuser305,ADMIN
devuser306,devuser306,First306,Middle306,Last306,devuser306,ADMIN
devuser307,devuser307,First307,Middle307,Last307,devuser307,ADMIN
devuser308,devuser308,First308,Middle308,Last308,devuser308,ADMIN
devuser309,devuser309,First309,Middle309,Last309,devuser309,ADMIN
devuser310,devuser310,First310,Middle310,Last310,devuser310,ADMIN
devuser311,devuser311,First311,Middle311,Last311,devuser311,ADMIN
devuser312,devuser312,First312,Middle312,Last312,devuser312,ADMIN
devuser313,devuser313,First313,Middle313,Last313,devuser313,ADMIN
devuser314,devuser314,First314,Middle314,Last314,devuser314,ADMIN
devuser315,devuser315,First315,Middle315,Last315,devuser315,ADMIN
devuser316,devuser316,First316,Middle316,Last316,devuser316,ADMIN
devuser317,devuser317,First317,Middle317,Last317,devuser317,ADMIN
devuser318,devuser318,First318,Middle318,Last318,devuser318,ADMIN
devuser319,devuser319,First319,Middle319,Last319,devuser319,ADMIN
devuser320,devuser320,First320,Middle320,Last320,devuser320,ADMIN
devuser321,devuser321,First321,Middle321,Last321,devuser321,ADMIN
devuser322,devuser322,First322,Middle322,Last322,devuser322,ADMIN
devuser323,devuser323,First323,Middle323,Last323,devuser323,ADMIN
devuser324,devuser324,First324,Middle324,Last324,devuser324,ADMIN
devuser325,devuser325,First325,Middle325,Last325,devuser325,ADMIN
devuser326,devuser326,First326,Middle326,Last326,devuser326,ADMIN
devuser327,devuser327,First327,Middle327,Last327,devuser327,ADMIN
devuser328,devuser328,First328,Middle328,Last328,devuser328,ADMIN
devuser329,devuser329,First329,Middle329,Last329,devuser329,ADMIN
devuser330,devuser330,First330,Middle330,Last330,devuser330,ADMIN
devuser331,devuser331,First331,Middle331,Last331,devuser331,ADMIN
devuser332,devuser332,First332,Middle332,Last332,devuser332,ADMIN
devuser333,devuser333,First333,Middle333,Last333,devuser333,ADMIN
devuser334,devuser334,First334,Middle334,Last334,devuser334,ADMIN
devuser335,devuser335,First335,Middle335,Last335,devuser335,ADMIN
devuser336,devuser336,First336,Middle336,Last336,devuser336,ADMIN
devuser337,devuser337,First337,Middle337,Last337,devuser337,ADMIN
devuser338,devuser338,First338,Middle338,Last338,devuser338,ADMIN
devuser339,devuser339,First339,Middle339,Last339,devuser339,ADMIN
devuser340,devuser340,First340,Middle340,Last340,devuser340,ADMIN
devuser341,devuser341,First341,Middle341,Last341,devuser341,ADMIN
devuser342,devuser342,First342,Middle342,Last342,devuser342,ADMIN
devuser343,devuser343,First343,Middle343,Last343,devuser343,ADMIN
devuser344,devuser344,First344,Middle344,Last344,devuser344,ADMIN
devuser345,devuser345,First345,Middle345,Last345,devuser345,ADMIN
devuser346,devuser346,First346,Middle346,Last346,devuser346,ADMIN
devuser347,devuser347,First347,Middle347,Last347,devuser347,ADMIN
devuser348,devuser348,First348,Middle348,Last348,devuser348,ADMIN
devuser349,devuser349,First349,Middle349,Last349,devuser349,ADMIN
devuser350,devuser350,First350,Middle350,Last350,devuser350,ADMIN
devuser351,devuser351,First351,Middle351,Last351,devuser351,ADMIN
devuser352,devuser352,First352,Middle352,Last352,devuser352,ADMIN
devuser353,devuser353,First353,Middle353,Last353,devuser353,ADMIN
devuser354,devuser354,First354,Middle354,Last354,devuser354,ADMIN
devuser355,devuser355,First355,Middle355,Last355,devuser355,ADMIN
devuser356,devuser356,First356,Middle356,Last356,devuser356,ADMIN
devuser357,devuser357,First357,Middle357,Last357,devuser357,ADMIN
devuser358,devuser358,First358,Middle358,Last358,devuser358,ADMIN
devuser359,devuser359,First359,Middle359,Last359,devuser359,ADMIN
devuser360,devuser360,First360,Middle360,Last360,devuser360,ADMIN
devuser361,devuser361,First361,Middle361,Last361,devuser361,ADMIN
devuser362,devuser362,First362,Middle362,Last362,devuser362,ADMIN
devuser363,devuser363,First363,Middle363,Last363,devuser363,ADMIN
devuser364,devuser364,First364,Middle364,Last364,devuser364,ADMIN
devuser365,devuser365,First365,Middle365,Last365,devuser365,ADMIN
devuser366,devuser366,First366,Middle366,Last366,devuser366,ADMIN
devuser367,devuser367,First367,Middle367,Last367,devuser367,ADMIN
devuser368,devuser368,First368,Middle368,Last368,devuser368,ADMIN
devuser369,devuser369,First369,Middle369,Last369,devuser369,ADMIN
devuser370,devuser370,First370,Middle370,Last370,devuser370,ADMIN
devuser371,devuser371,First371,Middle371,Last371,devuser371,ADMIN
devuser372,devuser372,First372,Middle372,Last372,devuser372,ADMIN
devuser373,devuser373,First373,Middle373,Last373,devuser373,ADMIN
devuser374,devuser374,First374,Middle374,Last374,devuser374,ADMIN
devuser375,devuser375,First375,Middle375,Last375,devuser375,ADMIN
devuser376,devuser376,First376,Middle376,Last376,devuser376,ADMIN
devuser377,devuser377,First377,Middle377,Last377,devuser377,ADMIN
devuser378,devuser378,First378,Middle378,Last378,devuser378,ADMIN
devuser379,devuser379,First379,Middle379,Last379,devuser379,ADMIN
devuser380,devuser380,First380,Middle380,Last380,devuser380,ADMIN
devuser381,devuser381,First381,Middle381,Last381,devuser381,ADMIN
devuser382,devuser382,First382,Middle382,Last382,devuser382,ADMIN
devuser383,devuser383,First383,Middle383,Last383,devuser383,ADMIN
devuser384,devuser384,First384,Middle384,Last384,devuser384,ADMIN
devuser385,devuser385,First385,Middle385,Last385,devuser385,ADMIN
devuser386,devuser386,First386,Middle386,Last386,devuser386,ADMIN
devuser387,devuser387,First387,Middle387,Last387,devuser387,ADMIN
devuser388,devuser388,First388,Middle388,Last388,devuser388,ADMIN
devuser389,devuser389,First389,Middle389,Last389,devuser389,ADMIN
devuser390,devuser390,First390,Middle390,Last390,devuser390,ADMIN
devuser391,devuser391,First391,Middle391,Last391,devuser391,ADMIN
devuser392,devuser392,First392,Middle392,Last392,devuser392,ADMIN
devuser393,devuser393,First393,Middle393,Last393,devuser393,ADMIN
devuser394,devuser394,First394,Middle394,Last394,devuser394,ADMIN
devuser395,devuser395,First395,Middle395,Last395,devuser395,ADMIN
devuser396,devuser396,First396,Middle396,Last396,devuser396,ADMIN
devuser397,devuser397,First397,Middle397,Last397,devuser397,ADMIN
devuser398,devuser398,First398,Middle398,Last398,devuser398,ADMIN
devuser399,devuser399,First399,Middle399,Last399,devuser399,ADMIN
devuser400,devuser400,First400,Middle400,Last400,devuser400,ADMIN
devuser401,devuser401,First401,Middle401,Last401,devuser401,ADMIN
devuser402,devuser402,First402,Middle402,Last402,devuser402,ADMIN
devuser403,devuser403,First403,Middle403,Last403,devuser403,ADMIN
devuser404,devuser404,First404,Middle404,Last404,devuser404,ADMIN
devuser405,devuser405,First405,Middle405,Last405,devuser405,ADMIN
devuser406,devuser406,First406,Middle406,Last406,devuser406,ADMIN
devuser407,devuser407,First407,Middle407,Last407,devuser407,ADMIN
devuser408,devuser408,First408,Middle408,Last408,devuser408,ADMIN
devuser409,devuser409,First409,Middle409,Last409,devuser409,ADMIN
devuser410,devuser410,First410,Middle410,Last410,devuser410,ADMIN
devuser411,devuser411,First411,Middle411,Last411,devuser411,ADMIN
devuser412,devuser412,First412,Middle412,Last412,devuser412,ADMIN
devuser413,devuser413,First413,Middle413,Last413,devuser413,ADMIN
devuser414,devuser414,First414,Middle414,Last414,devuser414,ADMIN
devuser415,devuser415,First415,Middle415,Last415,devuser415,ADMIN
devuser416,devuser416,First416,Middle416,Last416,devuser416,ADMIN
devuser417,devuser417,First417,Middle417,Last417,devuser417,ADMIN
devuser418,devuser418,First418,Middle418,Last418,devuser418,ADMIN
devuser419,devuser419,First419,Middle419,Last419,devuser419,ADMIN
devuser420,devuser420,First420,Middle420,Last420,devuser420,ADMIN
devuser421,devuser421,First421,Middle421,Last421,devuser421,ADMIN
devuser422,devuser422,First422,Middle422,Last422,devuser422,ADMIN
devuser423,devuser423,First423,Middle423,Last423,devuser423,ADMIN
devuser424,devuser424,First424,Middle424,Last424,devuser424,ADMIN
devuser425,devuser425,First425,Middle425,Last425,devuser425,ADMIN
devuser426,devuser426,First426,Middle426,Last426,devuser426,ADMIN
devuser427,devuser427,First427,Middle427,Last427,devuser427,ADMIN
devuser428,devuser428,First428,Middle428,Last428,devuser428,ADMIN
devuser429,devuser429,First429,Middle429,Last429,devuser429,ADMIN
devuser430,devuser430,First430,Middle430,Last430,devuser430,ADMIN
devuser431,devuser431,First431,Middle431,Last431,devuser431,ADMIN
devuser432,devuser432,First432,Middle432,Last432,devuser432,ADMIN
devuser433,devuser433,First433,Middle433,Last433,devuser433,ADMIN
devuser434,devuser434,First434,Middle434,Last434,devuser434,ADMIN
devuser435,devuser435,First435,Middle435,Last435,devuser435,ADMIN
devuser436,devuser436,First436,Middle436,Last436,devuser436,ADMIN
devuser437,devuser437,First437,Middle437,Last437,devuser437,ADMIN
devuser438,devuser438,First438,Middle438,Last438,devuser438,ADMIN
devuser439,devuser439,First439,Middle439,Last439,devuser439,ADMIN
devuser440,devuser440,First440,Middle440,Last440,devuser440,ADMIN
devuser441,devuser441,First441,Middle441,Last441,devuser441,ADMIN
devuser442,devuser442,First442,Middle442,Last442,devuser442,ADMIN
devuser443,devuser443,First443,Middle443,Last443,devuser443,ADMIN
devuser444,devuser444,First444,Middle444,Last444,devuser444,ADMIN
devuser445,devuser445,First445,Middle445,Last445,devuser445,ADMIN
devuser446,devuser446,First446,Middle446,Last446,devuser446,ADMIN
devuser447,devuser447,First447,Middle447,Last447,devuser447,ADMIN
devuser448,devuser448,First448,Middle448,Last448,devuser448,ADMIN
devuser449,devuser449,First449,Middle449,Last449,devuser449,ADMIN
devuser450,devuser450,First450,Middle450,Last450,devuser450,ADMIN
devuser451,devuser451,First451,Middle451,Last451,devuser451,ADMIN
devuser452,devuser452,First452,Middle452,Last452,devuser452,ADMIN
devuser453,devuser453,First453,Middle453,Last453,devuser453,ADMIN
devuser454,devuser454,First454,Middle454,Last454,devuser454,ADMIN
devuser455,devuser455,First455,Middle455,Last455,devuser455,ADMIN
devuser456,devuser456,First456,Middle456,Last456,devuser456,ADMIN
devuser457,devuser457,First457,Middle457,Last457,devuser457,ADMIN
devuser458,devuser458,First458,Middle458,Last458,devuser458,ADMIN
devuser459,devuser459,First459,Middle459,Last459,devuser459,ADMIN
devuser460,devuser460,First460,Middle460,Last460,devuser460,ADMIN
devuser461,devuser461,First461,Middle461,Last461,devuser461,ADMIN
devuser462,devuser462,First462,Middle462,Last462,devuser462,ADMIN
devuser463,devuser463,First463,Middle463,Last463,devuser463,ADMIN
devuser464,devuser464,First464,Middle464,Last464,devuser464,ADMIN
devuser465,devuser465,First465,Middle465,Last465,devuser465,ADMIN
devuser466,devuser466,First466,Middle466,Last466,devuser466,ADMIN
devuser467,devuser467,First467,Middle467,Last467,devuser467,ADMIN
devuser468,devuser468,First468,Middle468,Last468,devuser468,ADMIN
devuser469,devuser469,First469,Middle469,Last469,devuser469,ADMIN
devuser470,devuser470,First470,Middle470,Last470,devuser470,ADMIN
devuser471,devuser471,First471,Middle471,Last471,devuser471,ADMIN
devuser472,devuser472,First472,Middle472,Last472,devuser472,ADMIN
devuser473,devuser473,First473,Middle473,Last473,devuser473,ADMIN
devuser474,devuser474,First474,Middle474,Last474,devuser474,ADMIN
devuser475,devuser475,First475,Middle475,Last475,devuser475,ADMIN
devuser476,devuser476,First476,Middle476,Last476,devuser476,ADMIN
devuser477,devuser477,First477,Middle477,Last477,devuser477,ADMIN
devuser478,devuser478,First478,Middle478,Last478,devuser478,ADMIN
devuser479,devuser479,First479,Middle479,Last479,devuser479,ADMIN
devuser480,devuser480,First480,Middle480,Last480,devuser480,ADMIN
devuser481,devuser481,First481,Middle481,Last481,devuser481,ADMIN
devuser482,devuser482,First482,Middle482,Last482,devuser482,ADMIN
devuser483,devuser483,First483,Middle483,Last483,devuser483,ADMIN
devuser484,devuser484,First484,Middle484,Last484,devuser484,ADMIN
devuser485,devuser485,First485,Middle485,Last485,devuser485,ADMIN
devuser486,devuser486,First486,Middle486,Last486,devuser486,ADMIN
devuser487,devuser487,First487,Middle487,Last487,devuser487,ADMIN
devuser488,devuser488,First488,Middle488,Last488,devuser488,ADMIN
devuser489,devuser489,First489,Middle489,Last489,devuser489,ADMIN
devuser490,devuser490,First490,Middle490,Last490,devuser490,ADMIN
devuser491,devuser491,First491,Middle491,Last491,devuser491,ADMIN
devuser492,devuser492,First492,Middle492,Last492,devuser492,ADMIN
devuser493,devuser493,First493,Middle493,Last493,devuser493,ADMIN
devuser494,devuser494,First494,Middle494,Last494,devuser494,ADMIN
devuser495,devuser495,First495,Middle495,Last495,devuser495,ADMIN
devuser496,devuser496,First496,Middle496,Last496,devuser496,ADMIN
devuser497,devuser497,First497,Middle497,Last497,devuser497,ADMIN
devuser498,devuser498,First498,Middle498,Last498,devuser498,ADMIN
devuser499,devuser499,First499,Middle499,Last499,devuser499,ADMIN
devuser500,devuser500,First500,Middle500,Last500,devuser500,ADMIN
devuser501,devuser501,First501,Middle501,Last501,devuser501,ADMIN
devuser502,devuser502,First502,Middle502,Last502,devuser502,ADMIN
devuser503,devuser503,First503,Middle503,Last503,devuser503,ADMIN
devuser504,devuser504,First504,Middle504,Last504,devuser504,ADMIN
devuser505,devuser505,First505,Middle505,Last505,devuser505,ADMIN
devuser506,devuser506,First506,Middle506,Last506,devuser506,ADMIN
devuser507,devuser507,First507,Middle507,Last507,devuser507,ADMIN
devuser508,devuser508,First508,Middle508,Last508,devuser508,ADMIN
devuser509,devuser509,First509,Middle509,Last509,devuser509,ADMIN
devuser510,devuser510,First510,Middle510,Last510,devuser510,ADMIN
devuser511,devuser511,First511,Middle511,Last511,devuser511,ADMIN
devuser512,devuser512,First512,Middle512,Last512,devuser512,ADMIN
devuser513,devuser513,First513,Middle513,Last513,devuser513,ADMIN
devuser514,devuser514,First514,Middle514,Last514,devuser514,ADMIN
devuser515,devuser515,First515,Middle515,Last515,devuser515,ADMIN
devuser516,devuser516,First516,Middle516,Last516,devuser516,ADMIN
devuser517,devuser517,First517,Middle517,Last517,devuser517,ADMIN
devuser518,devuser518,First518,Middle518,Last518,devuser518,ADMIN
devuser519,devuser519,First519,Middle519,Last519,devuser519,ADMIN
devuser520,devuser520,First520,Middle520,Last520,devuser520,ADMIN
devuser521,devuser521,First521,Middle521,Last521,devuser521,ADMIN
devuser522,devuser522,First522,Middle522,Last522,devuser522,ADMIN
devuser523,devuser523,First523,Middle523,Last523,devuser523,ADMIN
devuser524,devuser524,First524,Middle524,Last524,devuser524,ADMIN
devuser525,devuser525,First525,Middle525,Last525,devuser525,ADMIN
devuser526,devuser526,First526,Middle526,Last526,devuser526,ADMIN
devuser527,devuser527,First527,Middle527,Last527,devuser527,ADMIN
devuser528,devuser528,First528,Middle528,Last528,devuser528,ADMIN
devuser529,devuser529,First529,Middle529,Last529,devuser529,ADMIN
devuser530,devuser530,First530,Middle530,Last530,devuser530,ADMIN
devuser531,devuser531,First531,Middle531,Last531,devuser531,ADMIN
devuser532,devuser532,First532,Middle532,Last532,devuser532,ADMIN
devuser533,devuser533,First533,Middle533,Last533,devuser533,ADMIN
devuser534,devuser534,First534,Middle534,Last534,devuser534,ADMIN
devuser535,devuser535,First535,Middle535,Last535,devuser535,ADMIN
devuser536,devuser536,First536,Middle536,Last536,devuser536,ADMIN
devuser537,devuser537,First537,Middle537,Last537,devuser537,ADMIN
devuser538,devuser538,First538,Middle538,Last538,devuser538,ADMIN
devuser539,devuser539,First539,Middle539,Last539,devuser539,ADMIN
devuser540,devuser540,First540,Middle540,Last540,devuser540,ADMIN
devuser541,devuser541,First541,Middle541,Last541,devuser541,ADMIN
devuser542,devuser542,First542,Middle542,Last542,devuser542,ADMIN
devuser543,devuser543,First543,Middle543,Last543,devuser543,ADMIN
devuser544,devuser544,First544,Middle544,Last544,devuser544,ADMIN
devuser545,devuser545,First545,Middle545,Last545,devuser545,ADMIN
devuser546,devuser546,First546,Middle546,Last546,devuser546,ADMIN
devuser547,devuser547,First547,Middle547,Last547,devuser547,ADMIN
devuser548,devuser548,First548,Middle548,Last548,devuser548,ADMIN
devuser549,devuser549,First549,Middle549,Last549,devuser549,ADMIN
devuser550,devuser550,First550,Middle550,Last550,devuser550,ADMIN
devuser551,devuser551,First551,Middle551,Last551,devuser551,ADMIN
devuser552,devuser552,First552,Middle552,Last552,devuser552,ADMIN
devuser553,devuser553,First553,Middle553,Last553,devuser553,ADMIN
devuser554,devuser554,First554,Middle554,Last554,devuser554,ADMIN
devuser555,devuser555,First555,Middle555,Last555,devuser555,ADMIN
devuser556,devuser556,First556,Middle556,Last556,devuser556,ADMIN
devuser557,devuser557,First557,Middle557,Last557,devuser557,ADMIN
devuser558,devuser558,First558,Middle558,Last558,devuser558,ADMIN
devuser559,devuser559,First559,Middle559,Last559,devuser559,ADMIN
devuser560,devuser560,First560,Middle560,Last560,devuser560,ADMIN
devuser561,devuser561,First561,Middle561,Last561,devuser561,ADMIN
devuser562,devuser562,First562,Middle562,Last562,devuser562,ADMIN
devuser563,devuser563,First563,Middle563,Last563,devuser563,ADMIN
devuser564,devuser564,First564,Middle564,Last564,devuser564,ADMIN
devuser565,devuser565,First565,Middle565,Last565,devuser565,ADMIN
devuser566,devuser566,First566,Middle566,Last566,devuser566,ADMIN
devuser567,devuser567,First567,Middle567,Last567,devuser567,ADMIN
devuser568,devuser568,First568,Middle568,Last568,devuser568,ADMIN
devuser569,devuser569,First569,Middle569,Last569,devuser569,ADMIN
devuser570,devuser570,First570,Middle570,Last570,devuser570,ADMIN
devuser571,devuser571,First571,Middle571,Last571,devuser571,ADMIN
devuser572,devuser572,First572,Middle572,Last572,devuser572,ADMIN
devuser573,devuser573,First573,Middle573,Last573,devuser573,ADMIN
devuser574,devuser574,First574,Middle574,Last574,devuser574,ADMIN
devuser575,devuser575,First575,Middle575,Last575,devuser575,ADMIN
devuser576,devuser576,First576,Middle576,Last576,devuser576,ADMIN
devuser577,devuser577,First577,Middle577,Last577,devuser577,ADMIN
devuser578,devuser578,First578,Middle578,Last578,devuser578,ADMIN
devuser579,devuser579,First579,Middle579,Last579,devuser579,ADMIN
devuser580,devuser580,First580,Middle580,Last580,devuser580,ADMIN
devuser581,devuser581,First581,Middle581,Last581,devuser581,ADMIN
devuser582,devuser582,First582,Middle582,Last582,devuser582,ADMIN
devuser583,devuser583,First583,Middle583,Last583,devuser583,ADMIN
devuser584,devuser584,First584,Middle584,Last584,devuser584,ADMIN
devuser585,devuser585,First585,Middle585,Last585,devuser585,ADMIN
devuser586,devuser586,First586,Middle586,Last586,devuser586,ADMIN
devuser587,devuser587,First587,Middle587,Last587,devuser587,ADMIN
devuser588,devuser588,First588,Middle588,Last588,devuser588,ADMIN
devuser589,devuser589,First589,Middle589,Last589,devuser589,ADMIN
devuser590,devuser590,First590,Middle590,Last590,devuser590,ADMIN
devuser591,devuser591,First591,Middle591,Last591,devuser591,ADMIN
devuser592,devuser592,First592,Middle592,Last592,devuser592,ADMIN
devuser593,devuser593,First593,Middle593,Last593,devuser593,ADMIN
devuser594,devuser594,First594,Middle594,Last594,devuser594,ADMIN
devuser595,devuser595,First595,Middle595,Last595,devuser595,ADMIN
devuser596,devuser596,First596,Middle596,Last596,devuser596,ADMIN
devuser597,devuser597,First597,Middle597,Last597,devuser597,ADMIN
devuser598,devuser598,First598,Middle598,Last598,devuser598,ADMIN
devuser599,devuser599,First599,Middle599,Last599,devuser599,ADMIN
devuser600,devuser600,First600,Middle600,Last600,devuser600,ADMIN
devuser601,devuser601,First601,Middle601,Last601,devuser601,ADMIN
devuser602,devuser602,First602,Middle602,Last602,devuser602,ADMIN
devuser603,devuser603,First603,Middle603,Last603,devuser603,ADMIN
devuser604,devuser604,First604,Middle604,Last604,devuser604,ADMIN
devuser605,devuser605,First605,Middle605,Last605,devuser605,ADMIN
devuser606,devuser606,First606,Middle606,Last606,devuser606,ADMIN
devuser607,devuser607,First607,Middle607,Last607,devuser607,ADMIN
devuser608,devuser608,First608,Middle608,Last608,devuser608,ADMIN
devuser609,devuser609,First609,Middle609,Last609,devuser609,ADMIN
devuser610,devuser610,First610,Middle610,Last610,devuser610,ADMIN
devuser611,devuser611,First611,Middle611,Last611,devuser611,ADMIN
devuser612,devuser612,First612,Middle612,Last612,devuser612,ADMIN
devuser613,devuser613,First613,Middle613,Last613,devuser613,ADMIN
devuser614,devuser614,First614,Middle614,Last614,devuser614,ADMIN
devuser615,devuser615,First615,Middle615,Last615,devuser615,ADMIN
devuser616,devuser616,First616,Middle616,Last616,devuser616,ADMIN
devuser617,devuser617,First617,Middle617,Last617,devuser617,ADMIN
devuser618,devuser618,First618,Middle618,Last618,devuser618,ADMIN
devuser619,devuser619,First619,Middle619,Last619,devuser619,ADMIN
devuser620,devuser620,First620,Middle620,Last620,devuser620,ADMIN
devuser621,devuser621,First621,Middle621,Last621,devuser621,ADMIN
devuser622,devuser622,First622,Middle622,Last622,devuser622,ADMIN
devuser623,devuser623,First623,Middle623,Last623,devuser623,ADMIN
devuser624,devuser624,First624,Middle624,Last624,devuser624,ADMIN
devuser625,devuser625,First625,Middle625,Last625,devuser625,ADMIN
devuser626,devuser626,First626,Middle626,Last626,devuser626,ADMIN
devuser627,devuser627,First627,Middle627,Last627,devuser627,ADMIN
devuser628,devuser628,First628,Middle628,Last628,devuser628,ADMIN
devuser629,devuser629,First629,Middle629,Last629,devuser629,ADMIN
devuser630,devuser630,First630,Middle630,Last630,devuser630,ADMIN
devuser631,devuser631,First631,Middle631,Last631,devuser631,ADMIN
devuser632,devuser632,First632,Middle632,Last632,devuser632,ADMIN
devuser633,devuser633,First633,Middle633,Last633,devuser633,ADMIN
devuser634,devuser634,First634,Middle634,Last634,devuser634,ADMIN
devuser635,devuser635,First635,Middle635,Last635,devuser635,ADMIN
devuser636,devuser636,First636,Middle636,Last636,devuser636,ADMIN
devuser637,devuser637,First637,Middle637,Last637,devuser637,ADMIN
devuser638,devuser638,First638,Middle638,Last638,devuser638,ADMIN
devuser639,devuser639,First639,Middle639,Last639,devuser639,ADMIN
devuser640,devuser640,First640,Middle640,Last640,devuser640,ADMIN
devuser641,devuser641,First641,Middle641,Last641,devuser641,ADMIN
devuser642,devuser642,First642,Middle642,Last642,devuser642,ADMIN
devuser643,devuser643,First643,Middle643,Last643,devuser643,ADMIN
devuser644,devuser644,First644,Middle644,Last644,devuser644,ADMIN
devuser645,devuser645,First645,Middle645,Last645,devuser645,ADMIN
devuser646,devuser646,First646,Middle646,Last646,devuser646,ADMIN
devuser647,devuser647,First647,Middle647,Last647,devuser647,ADMIN
devuser648,devuser648,First648,Middle648,Last648,devuser648,ADMIN
devuser649,devuser649,First649,Middle649,Last649,devuser649,ADMIN
devuser650,devuser650,First650,Middle650,Last650,devuser650,ADMIN
devuser651,devuser651,First651,Middle651,Last651,devuser651,ADMIN
devuser652,devuser652,First652,Middle652,Last652,devuser652,ADMIN
devuser653,devuser653,First653,Middle653,Last653,devuser653,ADMIN
devuser654,devuser654,First654,Middle654,Last654,devuser654,ADMIN
devuser655,devuser655,First655,Middle655,Last655,devuser655,ADMIN
devuser656,devuser656,First656,Middle656,Last656,devuser656,ADMIN
devuser657,devuser657,First657,Middle657,Last657,devuser657,ADMIN
devuser658,devuser658,First658,Middle658,Last658,devuser658,ADMIN
devuser659,devuser659,First659,Middle659,Last659,devuser659,ADMIN
devuser660,devuser660,First660,Middle660,Last660,devuser660,ADMIN
devuser661,devuser661,First661,Middle661,Last661,devuser661,ADMIN
devuser662,devuser662,First662,Middle662,Last662,devuser662,ADMIN
devuser663,devuser663,First663,Middle663,Last663,devuser663,ADMIN
devuser664,devuser664,First664,Middle664,Last664,devuser664,ADMIN
devuser665,devuser665,First665,Middle665,Last665,devuser665,ADMIN
devuser666,devuser666,First666,Middle666,Last666,devuser666,ADMIN
devuser667,devuser667,First667,Middle667,Last667,devuser667,ADMIN
devuser668,devuser668,First668,Middle668,Last668,devuser668,ADMIN
devuser669,devuser669,First669,Middle669,Last669,devuser669,ADMIN
devuser670,devuser670,First670,Middle670,Last670,devuser670,ADMIN
devuser671,devuser671,First671,Middle671,Last671,devuser671,ADMIN
devuser672,devuser672,First672,Middle672,Last672,devuser672,ADMIN
devuser673,devuser673,First673,Middle673,Last673,devuser673,ADMIN
devuser674,devuser674,First674,Middle674,Last674,devuser674,ADMIN
devuser675,devuser675,First675,Middle675,Last675,devuser675,ADMIN
devuser676,devuser676,First676,Middle676,Last676,devuser676,ADMIN
devuser677,devuser677,First677,Middle677,Last677,devuser677,ADMIN
devuser678,devuser678,First678,Middle678,Last678,devuser678,ADMIN
devuser679,devuser679,First679,Middle679,Last679,devuser679,ADMIN
devuser680,devuser680,First680,Middle680,Last680,devuser680,ADMIN
devuser681,devuser681,First681,Middle681,Last681,devuser681,ADMIN
devuser682,devuser682,First682,Middle682,Last682,devuser682,ADMIN
devuser683,devuser683,First683,Middle683,Last683,devuser683,ADMIN
devuser684,devuser684,First684,Middle684,Last684,devuser684,ADMIN
devuser685,devuser685,First685,Middle685,Last685,devuser685,ADMIN
devuser686,devuser686,First686,Middle686,Last686,devuser686,ADMIN
devuser687,devuser687,First687,Middle687,Last687,devuser687,ADMIN
devuser688,devuser688,First688,Middle688,Last688,devuser688,ADMIN
devuser689,devuser689,First689,Middle689,Last689,devuser689,ADMIN
devuser690,devuser690,First690,Middle690,Last690,devuser690,ADMIN
devuser691,devuser691,First691,Middle691,Last691,devuser691,ADMIN
devuser692,devuser692,First692,Middle692,Last692,devuser692,ADMIN
devuser693,devuser693,First693,Middle693,Last693,devuser693,ADMIN
devuser694,devuser694,First694,Middle694,Last694,devuser694,ADMIN
devuser695,devuser695,First695,Middle695,Last695,devuser695,ADMIN
devuser696,devuser696,First696,Middle696,Last696,devuser696,ADMIN
devuser697,devuser697,First697,Middle697,Last697,devuser697,ADMIN
devuser698,devuser698,First698,Middle698,Last698,devuser698,ADMIN
devuser699,devuser699,First699,Middle699,Last699,devuser699,ADMIN
devuser700,devuser700,First700,Middle700,Last700,devuser700,ADMIN
devuser701,devuser701,First701,Middle701,Last701,devuser701,ADMIN
devuser702,devuser702,First702,Middle702,Last702,devuser702,ADMIN
devuser703,devuser703,First703,Middle703,Last703,devuser703,ADMIN
devuser704,devuser704,First704,Middle704,Last704,devuser704,ADMIN
devuser705,devuser705,First705,Middle705,Last705,devuser705,ADMIN
devuser706,devuser706,First706,Middle706,Last706,devuser706,ADMIN
devuser707,devuser707,First707,Middle707,Last707,devuser707,ADMIN
devuser708,devuser708,First708,Middle708,Last708,devuser708,ADMIN
devuser709,devuser709,First709,Middle709,Last709,devuser709,ADMIN
devuser710,devuser710,First710,Middle710,Last710,devuser710,ADMIN
devuser711,devuser711,First711,Middle711,Last711,devuser711,ADMIN
devuser712,devuser712,First712,Middle712,Last712,devuser712,ADMIN
devuser713,devuser713,First713,Middle713,Last713,devuser713,ADMIN
devuser714,devuser714,First714,Middle714,Last714,devuser714,ADMIN
devuser715,devuser715,First715,Middle715,Last715,devuser715,ADMIN
devuser716,devuser716,First716,Middle716,Last716,devuser716,ADMIN
devuser717,devuser717,First717,Middle717,Last717,devuser717,ADMIN
devuser718,devuser718,First718,Middle718,Last718,devuser718,ADMIN
devuser719,devuser719,First719,Middle719,Last719,devuser719,ADMIN
devuser720,devuser720,First720,Middle720,Last720,devuser720,ADMIN
devuser721,devuser721,First721,Middle721,Last721,devuser721,ADMIN
devuser722,devuser722,First722,Middle722,Last722,devuser722,ADMIN
devuser723,devuser723,First723,Middle723,Last723,devuser723,ADMIN
devuser724,devuser724,First724,Middle724,Last724,devuser724,ADMIN
devuser725,devuser725,First725,Middle725,Last725,devuser725,ADMIN
devuser726,devuser726,First726,Middle726,Last726,devuser726,ADMIN
devuser727,devuser727,First727,Middle727,Last727,devuser727,ADMIN
devuser728,devuser728,First728,Middle728,Last728,devuser728,ADMIN
devuser729,devuser729,First729,Middle729,Last729,devuser729,ADMIN
devuser730,devuser730,First730,Middle730,Last730,devuser730,ADMIN
devuser731,devuser731,First731,Middle731,Last731,devuser731,ADMIN
devuser732,devuser732,First732,Middle732,Last732,devuser732,ADMIN
devuser733,devuser733,First733,Middle733,Last733,devuser733,ADMIN
devuser734,devuser734,First734,Middle734,Last734,devuser734,ADMIN
devuser735,devuser735,First735,Middle735,Last735,devuser735,ADMIN
devuser736,devuser736,First736,Middle736,Last736,devuser736,ADMIN
devuser737,devuser737,First737,Middle737,Last737,devuser737,ADMIN
devuser738,devuser738,First738,Middle738,Last738,devuser738,ADMIN
devuser739,devuser739,First739,Middle739,Last739,devuser739,ADMIN
devuser740,devuser740,First740,Middle740,Last740,devuser740,ADMIN
devuser741,devuser741,First741,Middle741,Last741,devuser741,ADMIN
devuser742,devuser742,First742,Middle742,Last742,devuser742,ADMIN
devuser743,devuser743,First743,Middle743,Last743,devuser743,ADMIN
devuser744,devuser744,First744,Middle744,Last744,devuser744,ADMIN
devuser745,devuser745,First745,Middle745,Last745,devuser745,ADMIN
devuser746,devuser746,First746,Middle746,Last746,devuser746,ADMIN
devuser747,devuser747,First747,Middle747,Last747,devuser747,ADMIN
devuser748,devuser748,First748,Middle748,Last748,devuser748,ADMIN
devuser749,devuser749,First749,Middle749,Last749,devuser749,ADMIN
devuser750,devuser750,First750,Middle750,Last750,devuser750,ADMIN
devuser751,devuser751,First751,Middle751,Last751,devuser751,ADMIN
devuser752,devuser752,First752,Middle752,Last752,devuser752,ADMIN
devuser753,devuser753,First753,Middle753,Last753,devuser753,ADMIN
devuser754,devuser754,First754,Middle754,Last754,devuser754,ADMIN
devuser755,devuser755,First755,Middle755,Last755,devuser755,ADMIN
devuser756,devuser756,First756,Middle756,Last756,devuser756,ADMIN
devuser757,devuser757,First757,Middle757,Last757,devuser757,ADMIN
devuser758,devuser758,First758,Middle758,Last758,devuser758,ADMIN
devuser759,devuser759,First759,Middle759,Last759,devuser759,ADMIN
devuser760,devuser760,First760,Middle760,Last760,devuser760,ADMIN
devuser761,devuser761,First761,Middle761,Last761,devuser761,ADMIN
devuser762,devuser762,First762,Middle762,Last762,devuser762,ADMIN
devuser763,devuser763,First763,Middle763,Last763,devuser763,ADMIN
devuser764,devuser764,First764,Middle764,Last764,devuser764,ADMIN
devuser765,devuser765,First765,Middle765,Last765,devuser765,ADMIN
devuser766,devuser766,First766,Middle766,Last766,devuser766,ADMIN
devuser767,devuser767,First767,Middle767,Last767,devuser767,ADMIN
devuser768,devuser768,First768,Middle768,Last768,devuser768,ADMIN
devuser769,devuser769,First769,Middle769,Last769,devuser769,ADMIN
devuser770,devuser770,First770,Middle770,Last770,devuser770,ADMIN
devuser771,devuser771,First771,Middle771,Last771,devuser771,ADMIN
devuser772,devuser772,First772,Middle772,Last772,devuser772,ADMIN
devuser773,devuser773,First773,Middle773,Last773,devuser773,ADMIN
devuser774,devuser774,First774,Middle774,Last774,devuser774,ADMIN
devuser775,devuser775,First775,Middle775,Last775,devuser775,ADMIN
devuser776,devuser776,First776,Middle776,Last776,devuser776,ADMIN
devuser777,devuser777,First777,Middle777,Last777,devuser777,ADMIN
devuser778,devuser778,First778,Middle778,Last778,devuser778,ADMIN
devuser779,devuser779,First779,Middle779,Last779,devuser779,ADMIN
devuser780,devuser780,First780,Middle780,Last780,devuser780,ADMIN
devuser781,devuser781,First781,Middle781,Last781,devuser781,ADMIN
devuser782,devuser782,First782,Middle782,Last782,devuser782,ADMIN
devuser783,devuser783,First783,Middle783,Last783,devuser783,ADMIN
devuser784,devuser784,First784,Middle784,Last784,devuser784,ADMIN
devuser785,devuser785,First785,Middle785,Last785,devuser785,ADMIN
devuser786,devuser786,First786,Middle786,Last786,devuser786,ADMIN
devuser787,devuser787,First787,Middle787,Last787,devuser787,ADMIN
devuser788,devuser788,First788,Middle788,Last788,devuser788,ADMIN
devuser789,devuser789,First789,Middle789,Last789,devuser789,ADMIN
devuser790,devuser790,First790,Middle790,Last790,devuser790,ADMIN
devuser791,devuser791,First791,Middle791,Last791,devuser791,ADMIN
devuser792,devuser792,First792,Middle792,Last792,devuser792,ADMIN
devuser793,devuser793,First793,Middle793,Last793,devuser793,ADMIN
devuser794,devuser794,First794,Middle794,Last794,devuser794,ADMIN
devuser795,devuser795,First795,Middle795,Last795,devuser795,ADMIN
devuser796,devuser796,First796,Middle796,Last796,devuser796,ADMIN
devuser797,devuser797,First797,Middle797,Last797,devuser797,ADMIN
devuser798,devuser798,First798,Middle798,Last798,devuser798,ADMIN
devuser799,devuser799,First799,Middle799,Last799,devuser799,ADMIN
devuser800,devuser800,First800,Middle800,Last800,devuser800,ADMIN
devuser801,devuser801,First801,Middle801,Last801,devuser801,ADMIN
devuser802,devuser802,First802,Middle802,Last802,devuser802,ADMIN
devuser803,devuser803,First803,Middle803,Last803,devuser803,ADMIN
devuser804,devuser804,First804,Middle804,Last804,devuser804,ADMIN
devuser805,devuser805,First805,Middle805,Last805,devuser805,ADMIN
devuser806,devuser806,First806,Middle806,Last806,devuser806,ADMIN
devuser807,devuser807,First807,Middle807,Last807,devuser807,ADMIN
devuser808,devuser808,First808,Middle808,Last808,devuser808,ADMIN
devuser809,devuser809,First809,Middle809,Last809,devuser809,ADMIN
devuser810,devuser810,First810,Middle810,Last810,devuser810,ADMIN
devuser811,devuser811,First811,Middle811,Last811,devuser811,ADMIN
devuser812,devuser812,First812,Middle812,Last812,devuser812,ADMIN
devuser813,devuser813,First813,Middle813,Last813,devuser813,ADMIN
devuser814,devuser814,First814,Middle814,Last814,devuser814,ADMIN
devuser815,devuser815,First815,Middle815,Last815,devuser815,ADMIN
devuser816,devuser816,First816,Middle816,Last816,devuser816,ADMIN
devuser817,devuser817,First817,Middle817,Last817,devuser817,ADMIN
devuser818,devuser818,First818,Middle818,Last818,devuser818,ADMIN
devuser819,devuser819,First819,Middle819,Last819,devuser819,ADMIN
devuser820,devuser820,First820,Middle820,Last820,devuser820,ADMIN
devuser821,devuser821,First821,Middle821,Last821,devuser821,ADMIN
devuser822,devuser822,First822,Middle822,Last822,devuser822,ADMIN
devuser823,devuser823,First823,Middle823,Last823,devuser823,ADMIN
devuser824,devuser824,First824,Middle824,Last824,devuser824,ADMIN
devuser825,devuser825,First825,Middle825,Last825,devuser825,ADMIN
devuser826,devuser826,First826,Middle826,Last826,devuser826,ADMIN
devuser827,devuser827,First827,Middle827,Last827,devuser827,ADMIN
devuser828,devuser828,First828,Middle828,Last828,devuser828,ADMIN
devuser829,devuser829,First829,Middle829,Last829,devuser829,ADMIN
devuser830,devuser830,First830,Middle830,Last830,devuser830,ADMIN
devuser831,devuser831,First831,Middle831,Last831,devuser831,ADMIN
devuser832,devuser832,First832,Middle832,Last832,devuser832,ADMIN
devuser833,devuser833,First833,Middle833,Last833,devuser833,ADMIN
devuser834,devuser834,First834,Middle834,Last834,devuser834,ADMIN
devuser835,devuser835,First835,Middle835,Last835,devuser835,ADMIN
devuser836,devuser836,First836,Middle836,Last836,devuser836,ADMIN
devuser837,devuser837,First837,Middle837,Last837,devuser837,ADMIN
devuser838,devuser838,First838,Middle838,Last838,devuser838,ADMIN
devuser839,devuser839,First839,Middle839,Last839,devuser839,ADMIN
devuser840,devuser840,First840,Middle840,Last840,devuser840,ADMIN
devuser841,devuser841,First841,Middle841,Last841,devuser841,ADMIN
devuser842,devuser842,First842,Middle842,Last842,devuser842,ADMIN
devuser843,devuser843,First843,Middle843,Last843,devuser843,ADMIN
devuser844,devuser844,First844,Middle844,Last844,devuser844,ADMIN
devuser845,devuser845,First845,Middle845,Last845,devuser845,ADMIN
devuser846,devuser846,First846,Middle846,Last846,devuser846,ADMIN
devuser847,devuser847,First847,Middle847,Last847,devuser847,ADMIN
devuser848,devuser848,First848,Middle848,Last848,devuser848,ADMIN
devuser849,devuser849,First849,Middle849,Last849,devuser849,ADMIN
devuser850,devuser850,First850,Middle850,Last850,devuser850,ADMIN
devuser851,devuser851,First851,Middle851,Last851,devuser851,ADMIN
devuser852,devuser852,First852,Middle852,Last852,devuser852,ADMIN
devuser853,devuser853,First853,Middle853,Last853,devuser853,ADMIN
devuser854,devuser854,First854,Middle854,Last854,devuser854,ADMIN
devuser855,devuser855,First855,Middle855,Last855,devuser855,ADMIN
devuser856,devuser856,First856,Middle856,Last856,devuser856,ADMIN
devuser857,devuser857,First857,Middle857,Last857,devuser857,ADMIN
devuser858,devuser858,First858,Middle858,Last858,devuser858,ADMIN
devuser859,devuser859,First859,Middle859,Last859,devuser859,ADMIN
devuser860,devuser860,First860,Middle860,Last860,devuser860,ADMIN
devuser861,devuser861,First861,Middle861,Last861,devuser861,ADMIN
devuser862,devuser862,First862,Middle862,Last862,devuser862,ADMIN
devuser863,devuser863,First863,Middle863,Last863,devuser863,ADMIN
devuser864,devuser864,First864,Middle864,Last864,devuser864,ADMIN
devuser865,devuser865,First865,Middle865,Last865,devuser865,ADMIN
devuser866,devuser866,First866,Middle866,Last866,devuser866,ADMIN
devuser867,devuser867,First867,Middle867,Last867,devuser867,ADMIN
devuser868,devuser868,First868,Middle868,Last868,devuser868,ADMIN
devuser869,devuser869,First869,Middle869,Last869,devuser869,ADMIN
devuser870,devuser870,First870,Middle870,Last870,devuser870,ADMIN
devuser871,devuser871,First871,Middle871,Last871,devuser871,ADMIN
devuser872,devuser872,First872,Middle872,Last872,devuser872,ADMIN
devuser873,devuser873,First873,Middle873,Last873,devuser873,ADMIN
devuser874,devuser874,First874,Middle874,Last874,devuser874,ADMIN
devuser875,devuser875,First875,Middle875,Last875,devuser875,ADMIN
devuser876,devuser876,First876,Middle876,Last876,devuser876,ADMIN
devuser877,devuser877,First877,Middle877,Last877,devuser877,ADMIN
devuser878,devuser878,First878,Middle878,Last878,devuser878,ADMIN
devuser879,devuser879,First879,Middle879,Last879,devuser879,ADMIN
devuser880,devuser880,First880,Middle880,Last880,devuser880,ADMIN
devuser881,devuser881,First881,Middle881,Last881,devuser881,ADMIN
devuser882,devuser882,First882,Middle882,Last882,devuser882,ADMIN
devuser883,devuser883,First883,Middle883,Last883,devuser883,ADMIN
devuser884,devuser884,First884,Middle884,Last884,devuser884,ADMIN
devuser885,devuser885,First885,Middle885,Last885,devuser885,ADMIN
devuser886,devuser886,First886,Middle886,Last886,devuser886,ADMIN
devuser887,devuser887,First887,Middle887,Last887,devuser887,ADMIN
devuser888,devuser888,First888,Middle888,Last888,devuser888,ADMIN
devuser889,devuser889,First889,Middle889,Last889,devuser889,ADMIN
devuser890,devuser890,First890,Middle890,Last890,devuser890,ADMIN
devuser891,devuser891,First891,Middle891,Last891,devuser891,ADMIN
devuser892,devuser892,First892,Middle892,Last892,devuser892,ADMIN
devuser893,devuser893,First893,Middle893,Last893,devuser893,ADMIN
devuser894,devuser894,First894,Middle894,Last894,devuser894,ADMIN
devuser895,devuser895,First895,Middle895,Last895,devuser895,ADMIN
devuser896,devuser896,First896,Middle896,Last896,devuser896,ADMIN
devuser897,devuser897,First897,Middle897,Last897,devuser897,ADMIN
devuser898,devuser898,First898,Middle898,Last898,devuser898,ADMIN
devuser899,devuser899,First899,Middle899,Last899,devuser899,ADMIN
devuser900,devuser900,First900,Middle900,Last900,devuser900,ADMIN
devuser901,devuser901,First901,Middle901,Last901,devuser901,ADMIN
devuser902,devuser902,First902,Middle902,Last902,devuser902,ADMIN
devuser903,devuser903,First903,Middle903,Last903,devuser903,ADMIN
devuser904,devuser904,First904,Middle904,Last904,devuser904,ADMIN
devuser905,devuser905,First905,Middle905,Last905,devuser905,ADMIN
devuser906,devuser906,First906,Middle906,Last906,devuser906,ADMIN
devuser907,devuser907,First907,Middle907,Last907,devuser907,ADMIN
devuser908,devuser908,First908,Middle908,Last908,devuser908,ADMIN
devuser909,devuser909,First909,Middle909,Last909,devuser909,ADMIN
devuser910,devuser910,First910,Middle910,Last910,devuser910,ADMIN
devuser911,devuser911,First911,Middle911,Last911,devuser911,ADMIN
devuser912,devuser912,First912,Middle912,Last912,devuser912,ADMIN
devuser913,devuser913,First913,Middle913,Last913,devuser913,ADMIN
devuser914,devuser914,First914,Middle914,Last914,devuser914,ADMIN
devuser915,devuser915,First915,Middle915,Last915,devuser915,ADMIN
devuser916,devuser916,First916,Middle916,Last916,devuser916,ADMIN
devuser917,devuser917,First917,Middle917,Last917,devuser917,ADMIN
devuser918,devuser918,First918,Middle918,Last918,devuser918,ADMIN
devuser919,devuser919,First919,Middle919,Last919,devuser919,ADMIN
devuser920,devuser920,First920,Middle920,Last920,devuser920,ADMIN
devuser921,devuser921,First921,Middle921,Last921,devuser921,ADMIN
devuser922,devuser922,First922,Middle922,Last922,devuser922,ADMIN
devuser923,devuser923,First923,Middle923,Last923,devuser923,ADMIN
devuser924,devuser924,First924,Middle924,Last924,devuser924,ADMIN
devuser925,devuser925,First925,Middle925,Last925,devuser925,ADMIN
devuser926,devuser926,First926,Middle926,Last926,devuser926,ADMIN
devuser927,devuser927,First927,Middle927,Last927,devuser927,ADMIN
devuser928,devuser928,First928,Middle928,Last928,devuser928,ADMIN
devuser929,devuser929,First929,Middle929,Last929,devuser929,ADMIN
devuser930,devuser930,First930,Middle930,Last930,devuser930,ADMIN
devuser931,devuser931,First931,Middle931,Last931,devuser931,ADMIN
devuser932,devuser932,First932,Middle932,Last932,devuser932,ADMIN
devuser933,devuser933,First933,Middle933,Last933,devuser933,ADMIN
devuser934,devuser934,First934,Middle934,Last934,devuser934,ADMIN
devuser935,devuser935,First935,Middle935,Last935,devuser935,ADMIN
devuser936,devuser936,First936,Middle936,Last936,devuser936,ADMIN
devuser937,devuser937,First937,Middle937,Last937,devuser937,ADMIN
devuser938,devuser938,First938,Middle938,Last938,devuser938,ADMIN
devuser939,devuser939,First939,Middle939,Last939,devuser939,ADMIN
devuser940,devuser940,First940,Middle940,Last940,devuser940,ADMIN
devuser941,devuser941,First941,Middle941,Last941,devuser941,ADMIN
devuser942,devuser942,First942,Middle942,Last942,devuser942,ADMIN
devuser943,devuser943,First943,Middle943,Last943,devuser943,ADMIN
devuser944,devuser944,First944,Middle944,Last944,devuser944,ADMIN
devuser945,devuser945,First945,Middle945,Last945,devuser945,ADMIN
devuser946,devuser946,First946,Middle946,Last946,devuser946,ADMIN
devuser947,devuser947,First947,Middle947,Last947,devuser947,ADMIN
devuser948,devuser948,First948,Middle948,Last948,devuser948,ADMIN
devuser949,devuser949,First949,Middle949,Last949,devuser949,ADMIN
devuser950,devuser950,First950,Middle950,Last950,devuser950,ADMIN
devuser951,devuser951,First951,Middle951,Last951,devuser951,ADMIN
devuser952,devuser952,First952,Middle952,Last952,devuser952,ADMIN
devuser953,devuser953,First953,Middle953,Last953,devuser953,ADMIN
devuser954,devuser954,First954,Middle954,Last954,devuser954,ADMIN
devuser955,devuser955,First955,Middle955,Last955,devuser955,ADMIN
devuser956,devuser956,First956,Middle956,Last956,devuser956,ADMIN
devuser957,devuser957,First957,Middle957,Last957,devuser957,ADMIN
devuser958,devuser958,First958,Middle958,Last958,devuser958,ADMIN
devuser959,devuser959,First959,Middle959,Last959,devuser959,ADMIN
devuser960,devuser960,First960,Middle960,Last960,devuser960,ADMIN
devuser961,devuser961,First961,Middle961,Last961,devuser961,ADMIN
devuser962,devuser962,First962,Middle962,Last962,devuser962,ADMIN
devuser963,devuser963,First963,Middle963,Last963,devuser963,ADMIN
devuser964,devuser964,First964,Middle964,Last964,devuser964,ADMIN
devuser965,devuser965,First965,Middle965,Last965,devuser965,ADMIN
devuser966,devuser966,First966,Middle966,Last966,devuser966,ADMIN
devuser967,devuser967,First967,Middle967,Last967,devuser967,ADMIN
devuser968,devuser968,First968,Middle968,Last968,devuser968,ADMIN
devuser969,devuser969,First969,Middle969,Last969,devuser969,ADMIN
devuser970,devuser970,First970,Middle970,Last970,devuser970,ADMIN
devuser971,devuser971,First971,Middle971,Last971,devuser971,ADMIN
devuser972,devuser972,First972,Middle972,Last972,devuser972,ADMIN
devuser973,devuser973,First973,Middle973,Last973,devuser973,ADMIN
devuser974,devuser974,First974,Middle974,Last974,devuser974,ADMIN
devuser975,devuser975,First975,Middle975,Last975,devuser975,ADMIN
devuser976,devuser976,First976,Middle976,Last976,devuser976,ADMIN
devuser977,devuser977,First977,Middle977,Last977,devuser977,ADMIN
devuser978,devuser978,First978,Middle978,Last978,devuser978,ADMIN
devuser979,devuser979,First979,Middle979,Last979,devuser979,ADMIN
devuser980,devuser980,First980,Middle980,Last980,devuser980,ADMIN
devuser981,devuser981,First981,Middle981,Last981,devuser981,ADMIN
devuser982,devuser982,First982,Middle982,Last982,devuser982,ADMIN
devuser983,devuser983,First983,Middle983,Last983,devuser983,ADMIN
devuser984,devuser984,First984,Middle984,Last984,devuser984,ADMIN
devuser985,devuser985,First985,Middle985,Last985,devuser985,ADMIN
devuser986,devuser986,First986,Middle986,Last986,devuser986,ADMIN
devuser987,devuser987,First987,Middle987,Last987,devuser987,ADMIN
devuser988,devuser988,First988,Middle988,Last988,devuser988,ADMIN
devuser989,devuser989,First989,Middle989,Last989,devuser989,ADMIN
devuser990,devuser990,First990,Middle990,Last990,devuser990,ADMIN
devuser991,devuser991,First991,Middle991,Last991,devuser991,ADMIN
devuser992,devuser992,First992,Middle992,Last992,devuser992,ADMIN
devuser993,devuser993,First993,Middle993,Last993,devuser993,ADMIN
devuser994,devuser994,First994,Middle994,Last994,devuser994,ADMIN
devuser995,devuser995,First995,Middle995,Last995,devuser995,ADMIN
devuser996,devuser996,First996,Middle996,Last996,devuser996,ADMIN
devuser997,devuser997,First997,Middle997,Last997,devuser997,ADMIN
devuser998,devuser998,First998,Middle998,Last998,devuser998,ADMIN
devuser999,devuser999,First999,Middle999,Last999,devuser999,ADMIN
devuser1000,devuser1000,First1000,Middle1000,Last1000,devuser1000,ADMIN
