$CSV$COLUMNTITLES$username,password
prof_pt_co3_usr_0113@ptcunoemail.com,prof7763
prof_pt_co3_usr_0114@ptcunoemail.com,prof7763
prof_pt_co3_usr_0115@ptcunoemail.com,prof7763
prof_pt_co3_usr_0116@ptcunoemail.com,prof7763
prof_pt_co3_usr_0117@ptcunoemail.com,prof7763
prof_pt_co3_usr_0118@ptcunoemail.com,prof7763
prof_pt_co3_usr_0119@ptcunoemail.com,prof7763
prof_pt_co3_usr_0120@ptcunoemail.com,prof7763
prof_pt_co3_usr_0121@ptcunoemail.com,prof7763
prof_pt_co3_usr_0122@ptcunoemail.com,prof7763
prof_pt_co3_usr_0123@ptcunoemail.com,prof7763
prof_pt_co3_usr_0124@ptcunoemail.com,prof7763
prof_pt_co3_usr_0125@ptcunoemail.com,prof7763
prof_pt_co3_usr_0126@ptcunoemail.com,prof7763
prof_pt_co3_usr_0127@ptcunoemail.com,prof7763
prof_pt_co3_usr_0128@ptcunoemail.com,prof7763
prof_pt_co3_usr_0129@ptcunoemail.com,prof7763
prof_pt_co3_usr_0130@ptcunoemail.com,prof7763
prof_pt_co3_usr_0131@ptcunoemail.com,prof7763
prof_pt_co3_usr_0132@ptcunoemail.com,prof7763
prof_pt_co3_usr_0133@ptcunoemail.com,prof7763
prof_pt_co3_usr_0134@ptcunoemail.com,prof7763
prof_pt_co3_usr_0135@ptcunoemail.com,prof7763
prof_pt_co3_usr_0136@ptcunoemail.com,prof7763
prof_pt_co3_usr_0137@ptcunoemail.com,prof7763
prof_pt_co3_usr_0138@ptcunoemail.com,prof7763
prof_pt_co3_usr_0139@ptcunoemail.com,prof7763
prof_pt_co3_usr_0140@ptcunoemail.com,prof7763
prof_pt_co3_usr_0141@ptcunoemail.com,prof7763
prof_pt_co3_usr_0142@ptcunoemail.com,prof7763
prof_pt_co3_usr_0143@ptcunoemail.com,prof7763
prof_pt_co3_usr_0144@ptcunoemail.com,prof7763
prof_pt_co3_usr_0145@ptcunoemail.com,prof7763
prof_pt_co3_usr_0146@ptcunoemail.com,prof7763
prof_pt_co3_usr_0147@ptcunoemail.com,prof7763
prof_pt_co3_usr_0148@ptcunoemail.com,prof7763
prof_pt_co3_usr_0149@ptcunoemail.com,prof7763
prof_pt_co3_usr_0150@ptcunoemail.com,prof7763
prof_pt_co3_usr_0151@ptcunoemail.com,prof7763
prof_pt_co3_usr_0152@ptcunoemail.com,prof7763
prof_pt_co3_usr_0153@ptcunoemail.com,prof7763
prof_pt_co3_usr_0154@ptcunoemail.com,prof7763
prof_pt_co3_usr_0155@ptcunoemail.com,prof7763
prof_pt_co3_usr_0156@ptcunoemail.com,prof7763
prof_pt_co3_usr_0157@ptcunoemail.com,prof7763
prof_pt_co3_usr_0158@ptcunoemail.com,prof7763
prof_pt_co3_usr_0159@ptcunoemail.com,prof7763
prof_pt_co3_usr_0160@ptcunoemail.com,prof7763
prof_pt_co3_usr_0161@ptcunoemail.com,prof7763
prof_pt_co3_usr_0162@ptcunoemail.com,prof7763
prof_pt_co3_usr_0163@ptcunoemail.com,prof7763
prof_pt_co3_usr_0164@ptcunoemail.com,prof7763
prof_pt_co3_usr_0165@ptcunoemail.com,prof7763
prof_pt_co3_usr_0166@ptcunoemail.com,prof7763
prof_pt_co3_usr_0167@ptcunoemail.com,prof7763
prof_pt_co3_usr_0168@ptcunoemail.com,prof7763
prof_pt_co3_usr_0169@ptcunoemail.com,prof7763
prof_pt_co3_usr_0170@ptcunoemail.com,prof7763
prof_pt_co3_usr_0171@ptcunoemail.com,prof7763
prof_pt_co3_usr_0172@ptcunoemail.com,prof7763
prof_pt_co3_usr_0173@ptcunoemail.com,prof7763
prof_pt_co3_usr_0174@ptcunoemail.com,prof7763
prof_pt_co3_usr_0175@ptcunoemail.com,prof7763
prof_pt_co3_usr_0176@ptcunoemail.com,prof7763
prof_pt_co3_usr_0177@ptcunoemail.com,prof7763
prof_pt_co3_usr_0178@ptcunoemail.com,prof7763
prof_pt_co3_usr_0179@ptcunoemail.com,prof7763
prof_pt_co3_usr_0180@ptcunoemail.com,prof7763
prof_pt_co3_usr_0181@ptcunoemail.com,prof7763
prof_pt_co3_usr_0182@ptcunoemail.com,prof7763
prof_pt_co3_usr_0183@ptcunoemail.com,prof7763
prof_pt_co3_usr_0184@ptcunoemail.com,prof7763
prof_pt_co3_usr_0185@ptcunoemail.com,prof7763
prof_pt_co3_usr_0186@ptcunoemail.com,prof7763
prof_pt_co3_usr_0187@ptcunoemail.com,prof7763
prof_pt_co3_usr_0188@ptcunoemail.com,prof7763
prof_pt_co3_usr_0189@ptcunoemail.com,prof7763
prof_pt_co3_usr_0190@ptcunoemail.com,prof7763
prof_pt_co3_usr_0191@ptcunoemail.com,prof7763
prof_pt_co3_usr_0192@ptcunoemail.com,prof7763
prof_pt_co3_usr_0193@ptcunoemail.com,prof7763
prof_pt_co3_usr_0194@ptcunoemail.com,prof7763
prof_pt_co3_usr_0195@ptcunoemail.com,prof7763
prof_pt_co3_usr_0196@ptcunoemail.com,prof7763
prof_pt_co3_usr_0197@ptcunoemail.com,prof7763
prof_pt_co3_usr_0198@ptcunoemail.com,prof7763
prof_pt_co3_usr_0199@ptcunoemail.com,prof7763
prof_pt_co3_usr_0200@ptcunoemail.com,prof7763
prof_pt_co3_usr_0201@ptcunoemail.com,prof7763
prof_pt_co3_usr_0202@ptcunoemail.com,prof7763
prof_pt_co3_usr_0203@ptcunoemail.com,prof7763
prof_pt_co3_usr_0204@ptcunoemail.com,prof7763
prof_pt_co3_usr_0205@ptcunoemail.com,prof7763
prof_pt_co3_usr_0206@ptcunoemail.com,prof7763
prof_pt_co3_usr_0207@ptcunoemail.com,prof7763
prof_pt_co3_usr_0208@ptcunoemail.com,prof7763
prof_pt_co3_usr_0209@ptcunoemail.com,prof7763
prof_pt_co3_usr_0210@ptcunoemail.com,prof7763
prof_pt_co3_usr_0211@ptcunoemail.com,prof7763
prof_pt_co3_usr_0212@ptcunoemail.com,prof7763
prof_pt_co3_usr_0213@ptcunoemail.com,prof7763
prof_pt_co3_usr_0214@ptcunoemail.com,prof7763
prof_pt_co3_usr_0215@ptcunoemail.com,prof7763
prof_pt_co3_usr_0216@ptcunoemail.com,prof7763
prof_pt_co3_usr_0217@ptcunoemail.com,prof7763
prof_pt_co3_usr_0218@ptcunoemail.com,prof7763
prof_pt_co3_usr_0219@ptcunoemail.com,prof7763
prof_pt_co3_usr_0220@ptcunoemail.com,prof7763
prof_pt_co3_usr_0221@ptcunoemail.com,prof7763
prof_pt_co3_usr_0222@ptcunoemail.com,prof7763
prof_pt_co3_usr_0223@ptcunoemail.com,prof7763
prof_pt_co3_usr_0224@ptcunoemail.com,prof7763
prof_pt_co3_usr_0225@ptcunoemail.com,prof7763
prof_pt_co3_usr_0226@ptcunoemail.com,prof7763
prof_pt_co3_usr_0227@ptcunoemail.com,prof7763
prof_pt_co3_usr_0228@ptcunoemail.com,prof7763
prof_pt_co3_usr_0229@ptcunoemail.com,prof7763
prof_pt_co3_usr_0230@ptcunoemail.com,prof7763
prof_pt_co3_usr_0231@ptcunoemail.com,prof7763
prof_pt_co3_usr_0232@ptcunoemail.com,prof7763
prof_pt_co3_usr_0233@ptcunoemail.com,prof7763
prof_pt_co3_usr_0234@ptcunoemail.com,prof7763
prof_pt_co3_usr_0235@ptcunoemail.com,prof7763
prof_pt_co3_usr_0236@ptcunoemail.com,prof7763
prof_pt_co3_usr_0237@ptcunoemail.com,prof7763
prof_pt_co3_usr_0238@ptcunoemail.com,prof7763
prof_pt_co3_usr_0239@ptcunoemail.com,prof7763
prof_pt_co3_usr_0240@ptcunoemail.com,prof7763
prof_pt_co3_usr_0241@ptcunoemail.com,prof7763
prof_pt_co3_usr_0242@ptcunoemail.com,prof7763
prof_pt_co3_usr_0243@ptcunoemail.com,prof7763
prof_pt_co3_usr_0244@ptcunoemail.com,prof7763
prof_pt_co3_usr_0245@ptcunoemail.com,prof7763
prof_pt_co3_usr_0246@ptcunoemail.com,prof7763
prof_pt_co3_usr_0247@ptcunoemail.com,prof7763
prof_pt_co3_usr_0248@ptcunoemail.com,prof7763
prof_pt_co3_usr_0249@ptcunoemail.com,prof7763
prof_pt_co3_usr_0250@ptcunoemail.com,prof7763
prof_pt_co3_usr_0251@ptcunoemail.com,prof7763
prof_pt_co3_usr_0252@ptcunoemail.com,prof7763
prof_pt_co3_usr_0253@ptcunoemail.com,prof7763
prof_pt_co3_usr_0254@ptcunoemail.com,prof7763
prof_pt_co3_usr_0255@ptcunoemail.com,prof7763
prof_pt_co3_usr_0256@ptcunoemail.com,prof7763
prof_pt_co3_usr_0257@ptcunoemail.com,prof7763
prof_pt_co3_usr_0258@ptcunoemail.com,prof7763
prof_pt_co3_usr_0259@ptcunoemail.com,prof7763
prof_pt_co3_usr_0260@ptcunoemail.com,prof7763
prof_pt_co3_usr_0261@ptcunoemail.com,prof7763
prof_pt_co3_usr_0262@ptcunoemail.com,prof7763
prof_pt_co3_usr_0263@ptcunoemail.com,prof7763
prof_pt_co3_usr_0264@ptcunoemail.com,prof7763
prof_pt_co3_usr_0265@ptcunoemail.com,prof7763
prof_pt_co3_usr_0266@ptcunoemail.com,prof7763
prof_pt_co3_usr_0267@ptcunoemail.com,prof7763
prof_pt_co3_usr_0268@ptcunoemail.com,prof7763
prof_pt_co3_usr_0269@ptcunoemail.com,prof7763
prof_pt_co3_usr_0270@ptcunoemail.com,prof7763
prof_pt_co3_usr_0271@ptcunoemail.com,prof7763
prof_pt_co3_usr_0272@ptcunoemail.com,prof7763
prof_pt_co3_usr_0273@ptcunoemail.com,prof7763
prof_pt_co3_usr_0274@ptcunoemail.com,prof7763
prof_pt_co3_usr_0275@ptcunoemail.com,prof7763
prof_pt_co3_usr_0276@ptcunoemail.com,prof7763
prof_pt_co3_usr_0277@ptcunoemail.com,prof7763
prof_pt_co3_usr_0278@ptcunoemail.com,prof7763
prof_pt_co3_usr_0279@ptcunoemail.com,prof7763
prof_pt_co3_usr_0280@ptcunoemail.com,prof7763
prof_pt_co3_usr_0281@ptcunoemail.com,prof7763
prof_pt_co3_usr_0282@ptcunoemail.com,prof7763
prof_pt_co3_usr_0283@ptcunoemail.com,prof7763
prof_pt_co3_usr_0284@ptcunoemail.com,prof7763
prof_pt_co3_usr_0285@ptcunoemail.com,prof7763
prof_pt_co3_usr_0286@ptcunoemail.com,prof7763
prof_pt_co3_usr_0287@ptcunoemail.com,prof7763
prof_pt_co3_usr_0288@ptcunoemail.com,prof7763
prof_pt_co3_usr_0289@ptcunoemail.com,prof7763
prof_pt_co3_usr_0290@ptcunoemail.com,prof7763
prof_pt_co3_usr_0291@ptcunoemail.com,prof7763
prof_pt_co3_usr_0292@ptcunoemail.com,prof7763
prof_pt_co3_usr_0293@ptcunoemail.com,prof7763
prof_pt_co3_usr_0294@ptcunoemail.com,prof7763
prof_pt_co3_usr_0295@ptcunoemail.com,prof7763
prof_pt_co3_usr_0296@ptcunoemail.com,prof7763
prof_pt_co3_usr_0297@ptcunoemail.com,prof7763
prof_pt_co3_usr_0298@ptcunoemail.com,prof7763
prof_pt_co3_usr_0299@ptcunoemail.com,prof7763
prof_pt_co3_usr_0300@ptcunoemail.com,prof7763
prof_pt_co3_usr_0301@ptcunoemail.com,prof7763
prof_pt_co3_usr_0302@ptcunoemail.com,prof7763
prof_pt_co3_usr_0303@ptcunoemail.com,prof7763
prof_pt_co3_usr_0304@ptcunoemail.com,prof7763
prof_pt_co3_usr_0305@ptcunoemail.com,prof7763
prof_pt_co3_usr_0306@ptcunoemail.com,prof7763
prof_pt_co3_usr_0307@ptcunoemail.com,prof7763
prof_pt_co3_usr_0308@ptcunoemail.com,prof7763
prof_pt_co3_usr_0309@ptcunoemail.com,prof7763
prof_pt_co3_usr_0310@ptcunoemail.com,prof7763
prof_pt_co3_usr_0311@ptcunoemail.com,prof7763
prof_pt_co3_usr_0312@ptcunoemail.com,prof7763
prof_pt_co3_usr_0313@ptcunoemail.com,prof7763
prof_pt_co3_usr_0314@ptcunoemail.com,prof7763
prof_pt_co3_usr_0315@ptcunoemail.com,prof7763
prof_pt_co3_usr_0316@ptcunoemail.com,prof7763
prof_pt_co3_usr_0317@ptcunoemail.com,prof7763
prof_pt_co3_usr_0318@ptcunoemail.com,prof7763
prof_pt_co3_usr_0319@ptcunoemail.com,prof7763
prof_pt_co3_usr_0320@ptcunoemail.com,prof7763
prof_pt_co3_usr_0321@ptcunoemail.com,prof7763
prof_pt_co3_usr_0322@ptcunoemail.com,prof7763
prof_pt_co3_usr_0323@ptcunoemail.com,prof7763
prof_pt_co3_usr_0324@ptcunoemail.com,prof7763
prof_pt_co3_usr_0325@ptcunoemail.com,prof7763
prof_pt_co3_usr_0326@ptcunoemail.com,prof7763
prof_pt_co3_usr_0327@ptcunoemail.com,prof7763
prof_pt_co3_usr_0328@ptcunoemail.com,prof7763
prof_pt_co3_usr_0329@ptcunoemail.com,prof7763
prof_pt_co3_usr_0330@ptcunoemail.com,prof7763
prof_pt_co3_usr_0331@ptcunoemail.com,prof7763
prof_pt_co3_usr_0332@ptcunoemail.com,prof7763
prof_pt_co3_usr_0333@ptcunoemail.com,prof7763
prof_pt_co3_usr_0334@ptcunoemail.com,prof7763
prof_pt_co3_usr_0335@ptcunoemail.com,prof7763
prof_pt_co3_usr_0336@ptcunoemail.com,prof7763
prof_pt_co3_usr_0337@ptcunoemail.com,prof7763
prof_pt_co3_usr_0338@ptcunoemail.com,prof7763
prof_pt_co3_usr_0339@ptcunoemail.com,prof7763
prof_pt_co3_usr_0340@ptcunoemail.com,prof7763
prof_pt_co3_usr_0341@ptcunoemail.com,prof7763
prof_pt_co3_usr_0342@ptcunoemail.com,prof7763
prof_pt_co3_usr_0343@ptcunoemail.com,prof7763
prof_pt_co3_usr_0344@ptcunoemail.com,prof7763
prof_pt_co3_usr_0345@ptcunoemail.com,prof7763
prof_pt_co3_usr_0346@ptcunoemail.com,prof7763
prof_pt_co3_usr_0347@ptcunoemail.com,prof7763
prof_pt_co3_usr_0348@ptcunoemail.com,prof7763
prof_pt_co3_usr_0349@ptcunoemail.com,prof7763
prof_pt_co3_usr_0350@ptcunoemail.com,prof7763
prof_pt_co3_usr_0351@ptcunoemail.com,prof7763
prof_pt_co3_usr_0352@ptcunoemail.com,prof7763
prof_pt_co3_usr_0353@ptcunoemail.com,prof7763
prof_pt_co3_usr_0354@ptcunoemail.com,prof7763
prof_pt_co3_usr_0355@ptcunoemail.com,prof7763
prof_pt_co3_usr_0356@ptcunoemail.com,prof7763
prof_pt_co3_usr_0357@ptcunoemail.com,prof7763
prof_pt_co3_usr_0358@ptcunoemail.com,prof7763
prof_pt_co3_usr_0359@ptcunoemail.com,prof7763
prof_pt_co3_usr_0360@ptcunoemail.com,prof7763
prof_pt_co3_usr_0361@ptcunoemail.com,prof7763
prof_pt_co3_usr_0362@ptcunoemail.com,prof7763
prof_pt_co3_usr_0363@ptcunoemail.com,prof7763
prof_pt_co3_usr_0364@ptcunoemail.com,prof7763
prof_pt_co3_usr_0365@ptcunoemail.com,prof7763
prof_pt_co3_usr_0366@ptcunoemail.com,prof7763
prof_pt_co3_usr_0367@ptcunoemail.com,prof7763
prof_pt_co3_usr_0368@ptcunoemail.com,prof7763
prof_pt_co3_usr_0369@ptcunoemail.com,prof7763
prof_pt_co3_usr_0370@ptcunoemail.com,prof7763
prof_pt_co3_usr_0371@ptcunoemail.com,prof7763
prof_pt_co3_usr_0372@ptcunoemail.com,prof7763
prof_pt_co3_usr_0373@ptcunoemail.com,prof7763
prof_pt_co3_usr_0374@ptcunoemail.com,prof7763
prof_pt_co3_usr_0375@ptcunoemail.com,prof7763
prof_pt_co3_usr_0376@ptcunoemail.com,prof7763
prof_pt_co3_usr_0377@ptcunoemail.com,prof7763
prof_pt_co3_usr_0378@ptcunoemail.com,prof7763
prof_pt_co3_usr_0379@ptcunoemail.com,prof7763
prof_pt_co3_usr_0380@ptcunoemail.com,prof7763
prof_pt_co3_usr_0381@ptcunoemail.com,prof7763
prof_pt_co3_usr_0382@ptcunoemail.com,prof7763
prof_pt_co3_usr_0383@ptcunoemail.com,prof7763
prof_pt_co3_usr_0384@ptcunoemail.com,prof7763
prof_pt_co3_usr_0385@ptcunoemail.com,prof7763
prof_pt_co3_usr_0386@ptcunoemail.com,prof7763
prof_pt_co3_usr_0387@ptcunoemail.com,prof7763
prof_pt_co3_usr_0388@ptcunoemail.com,prof7763
prof_pt_co3_usr_0389@ptcunoemail.com,prof7763
prof_pt_co3_usr_0390@ptcunoemail.com,prof7763
prof_pt_co3_usr_0391@ptcunoemail.com,prof7763
prof_pt_co3_usr_0392@ptcunoemail.com,prof7763
prof_pt_co3_usr_0393@ptcunoemail.com,prof7763
prof_pt_co3_usr_0394@ptcunoemail.com,prof7763
prof_pt_co3_usr_0395@ptcunoemail.com,prof7763
prof_pt_co3_usr_0396@ptcunoemail.com,prof7763
prof_pt_co3_usr_0397@ptcunoemail.com,prof7763
prof_pt_co3_usr_0398@ptcunoemail.com,prof7763
prof_pt_co3_usr_0399@ptcunoemail.com,prof7763
prof_pt_co3_usr_0400@ptcunoemail.com,prof7763
prof_pt_co3_usr_0401@ptcunoemail.com,prof7763
prof_pt_co3_usr_0402@ptcunoemail.com,prof7763
prof_pt_co3_usr_0403@ptcunoemail.com,prof7763
prof_pt_co3_usr_0404@ptcunoemail.com,prof7763
prof_pt_co3_usr_0405@ptcunoemail.com,prof7763
prof_pt_co3_usr_0406@ptcunoemail.com,prof7763
prof_pt_co3_usr_0407@ptcunoemail.com,prof7763
prof_pt_co3_usr_0408@ptcunoemail.com,prof7763
prof_pt_co3_usr_0409@ptcunoemail.com,prof7763
prof_pt_co3_usr_0410@ptcunoemail.com,prof7763
prof_pt_co3_usr_0411@ptcunoemail.com,prof7763
prof_pt_co3_usr_0412@ptcunoemail.com,prof7763
prof_pt_co3_usr_0413@ptcunoemail.com,prof7763
prof_pt_co3_usr_0414@ptcunoemail.com,prof7763
prof_pt_co3_usr_0415@ptcunoemail.com,prof7763
prof_pt_co3_usr_0416@ptcunoemail.com,prof7763
prof_pt_co3_usr_0417@ptcunoemail.com,prof7763
prof_pt_co3_usr_0418@ptcunoemail.com,prof7763
prof_pt_co3_usr_0419@ptcunoemail.com,prof7763
prof_pt_co3_usr_0420@ptcunoemail.com,prof7763
prof_pt_co3_usr_0421@ptcunoemail.com,prof7763
prof_pt_co3_usr_0422@ptcunoemail.com,prof7763
prof_pt_co3_usr_0423@ptcunoemail.com,prof7763
prof_pt_co3_usr_0424@ptcunoemail.com,prof7763
prof_pt_co3_usr_0425@ptcunoemail.com,prof7763
prof_pt_co3_usr_0426@ptcunoemail.com,prof7763
prof_pt_co3_usr_0427@ptcunoemail.com,prof7763
prof_pt_co3_usr_0428@ptcunoemail.com,prof7763
prof_pt_co3_usr_0429@ptcunoemail.com,prof7763
prof_pt_co3_usr_0430@ptcunoemail.com,prof7763
prof_pt_co3_usr_0431@ptcunoemail.com,prof7763
prof_pt_co3_usr_0432@ptcunoemail.com,prof7763
prof_pt_co3_usr_0433@ptcunoemail.com,prof7763
prof_pt_co3_usr_0434@ptcunoemail.com,prof7763
prof_pt_co3_usr_0435@ptcunoemail.com,prof7763
prof_pt_co3_usr_0436@ptcunoemail.com,prof7763
prof_pt_co3_usr_0437@ptcunoemail.com,prof7763
prof_pt_co3_usr_0438@ptcunoemail.com,prof7763
prof_pt_co3_usr_0439@ptcunoemail.com,prof7763
prof_pt_co3_usr_0440@ptcunoemail.com,prof7763
prof_pt_co3_usr_0441@ptcunoemail.com,prof7763
prof_pt_co3_usr_0442@ptcunoemail.com,prof7763
prof_pt_co3_usr_0443@ptcunoemail.com,prof7763
prof_pt_co3_usr_0444@ptcunoemail.com,prof7763
prof_pt_co3_usr_0445@ptcunoemail.com,prof7763
prof_pt_co3_usr_0446@ptcunoemail.com,prof7763
prof_pt_co3_usr_0447@ptcunoemail.com,prof7763
prof_pt_co3_usr_0448@ptcunoemail.com,prof7763
prof_pt_co3_usr_0449@ptcunoemail.com,prof7763
prof_pt_co3_usr_0450@ptcunoemail.com,prof7763
prof_pt_co3_usr_0451@ptcunoemail.com,prof7763
prof_pt_co3_usr_0452@ptcunoemail.com,prof7763
prof_pt_co3_usr_0453@ptcunoemail.com,prof7763
prof_pt_co3_usr_0454@ptcunoemail.com,prof7763
prof_pt_co3_usr_0455@ptcunoemail.com,prof7763
prof_pt_co3_usr_0456@ptcunoemail.com,prof7763
prof_pt_co3_usr_0457@ptcunoemail.com,prof7763
prof_pt_co3_usr_0458@ptcunoemail.com,prof7763
prof_pt_co3_usr_0459@ptcunoemail.com,prof7763
prof_pt_co3_usr_0460@ptcunoemail.com,prof7763
prof_pt_co3_usr_0461@ptcunoemail.com,prof7763
prof_pt_co3_usr_0462@ptcunoemail.com,prof7763
prof_pt_co3_usr_0463@ptcunoemail.com,prof7763
prof_pt_co3_usr_0464@ptcunoemail.com,prof7763
prof_pt_co3_usr_0465@ptcunoemail.com,prof7763
prof_pt_co3_usr_0466@ptcunoemail.com,prof7763
prof_pt_co3_usr_0467@ptcunoemail.com,prof7763
prof_pt_co3_usr_0468@ptcunoemail.com,prof7763
prof_pt_co3_usr_0469@ptcunoemail.com,prof7763
prof_pt_co3_usr_0470@ptcunoemail.com,prof7763
prof_pt_co3_usr_0471@ptcunoemail.com,prof7763
prof_pt_co3_usr_0472@ptcunoemail.com,prof7763
prof_pt_co3_usr_0473@ptcunoemail.com,prof7763
prof_pt_co3_usr_0474@ptcunoemail.com,prof7763
prof_pt_co3_usr_0475@ptcunoemail.com,prof7763
prof_pt_co3_usr_0476@ptcunoemail.com,prof7763
prof_pt_co3_usr_0477@ptcunoemail.com,prof7763
prof_pt_co3_usr_0478@ptcunoemail.com,prof7763
prof_pt_co3_usr_0479@ptcunoemail.com,prof7763
prof_pt_co3_usr_0480@ptcunoemail.com,prof7763
prof_pt_co3_usr_0481@ptcunoemail.com,prof7763
prof_pt_co3_usr_0482@ptcunoemail.com,prof7763
prof_pt_co3_usr_0483@ptcunoemail.com,prof7763
prof_pt_co3_usr_0484@ptcunoemail.com,prof7763
prof_pt_co3_usr_0485@ptcunoemail.com,prof7763
prof_pt_co3_usr_0486@ptcunoemail.com,prof7763
prof_pt_co3_usr_0487@ptcunoemail.com,prof7763
prof_pt_co3_usr_0488@ptcunoemail.com,prof7763
prof_pt_co3_usr_0489@ptcunoemail.com,prof7763
prof_pt_co3_usr_0490@ptcunoemail.com,prof7763
prof_pt_co3_usr_0491@ptcunoemail.com,prof7763
prof_pt_co3_usr_0492@ptcunoemail.com,prof7763
prof_pt_co3_usr_0493@ptcunoemail.com,prof7763
prof_pt_co3_usr_0494@ptcunoemail.com,prof7763
prof_pt_co3_usr_0495@ptcunoemail.com,prof7763
prof_pt_co3_usr_0496@ptcunoemail.com,prof7763
prof_pt_co3_usr_0497@ptcunoemail.com,prof7763
prof_pt_co3_usr_0498@ptcunoemail.com,prof7763
prof_pt_co3_usr_0499@ptcunoemail.com,prof7763
prof_pt_co3_usr_0500@ptcunoemail.com,prof7763
prof_pt_co3_usr_0501@ptcunoemail.com,prof7763
prof_pt_co3_usr_0502@ptcunoemail.com,prof7763
prof_pt_co3_usr_0503@ptcunoemail.com,prof7763
prof_pt_co3_usr_0504@ptcunoemail.com,prof7763
prof_pt_co3_usr_0505@ptcunoemail.com,prof7763
prof_pt_co3_usr_0506@ptcunoemail.com,prof7763
prof_pt_co3_usr_0507@ptcunoemail.com,prof7763
prof_pt_co3_usr_0508@ptcunoemail.com,prof7763
prof_pt_co3_usr_0509@ptcunoemail.com,prof7763
prof_pt_co3_usr_0510@ptcunoemail.com,prof7763
prof_pt_co3_usr_0511@ptcunoemail.com,prof7763
prof_pt_co3_usr_0512@ptcunoemail.com,prof7763
prof_pt_co3_usr_0513@ptcunoemail.com,prof7763
prof_pt_co3_usr_0514@ptcunoemail.com,prof7763
prof_pt_co3_usr_0515@ptcunoemail.com,prof7763
prof_pt_co3_usr_0516@ptcunoemail.com,prof7763
prof_pt_co3_usr_0517@ptcunoemail.com,prof7763
prof_pt_co3_usr_0518@ptcunoemail.com,prof7763
prof_pt_co3_usr_0519@ptcunoemail.com,prof7763
prof_pt_co3_usr_0520@ptcunoemail.com,prof7763
prof_pt_co3_usr_0521@ptcunoemail.com,prof7763
prof_pt_co3_usr_0522@ptcunoemail.com,prof7763
prof_pt_co3_usr_0523@ptcunoemail.com,prof7763
prof_pt_co3_usr_0524@ptcunoemail.com,prof7763
prof_pt_co3_usr_0525@ptcunoemail.com,prof7763
prof_pt_co3_usr_0526@ptcunoemail.com,prof7763
prof_pt_co3_usr_0527@ptcunoemail.com,prof7763
prof_pt_co3_usr_0528@ptcunoemail.com,prof7763
prof_pt_co3_usr_0529@ptcunoemail.com,prof7763
prof_pt_co3_usr_0530@ptcunoemail.com,prof7763
prof_pt_co3_usr_0531@ptcunoemail.com,prof7763
prof_pt_co3_usr_0532@ptcunoemail.com,prof7763
prof_pt_co3_usr_0533@ptcunoemail.com,prof7763
prof_pt_co3_usr_0534@ptcunoemail.com,prof7763
prof_pt_co3_usr_0535@ptcunoemail.com,prof7763
prof_pt_co3_usr_0536@ptcunoemail.com,prof7763
prof_pt_co3_usr_0537@ptcunoemail.com,prof7763
prof_pt_co3_usr_0538@ptcunoemail.com,prof7763
prof_pt_co3_usr_0539@ptcunoemail.com,prof7763
prof_pt_co3_usr_0540@ptcunoemail.com,prof7763
prof_pt_co3_usr_0541@ptcunoemail.com,prof7763
prof_pt_co3_usr_0542@ptcunoemail.com,prof7763
prof_pt_co3_usr_0543@ptcunoemail.com,prof7763
prof_pt_co3_usr_0544@ptcunoemail.com,prof7763
prof_pt_co3_usr_0545@ptcunoemail.com,prof7763
prof_pt_co3_usr_0546@ptcunoemail.com,prof7763
prof_pt_co3_usr_0547@ptcunoemail.com,prof7763
prof_pt_co3_usr_0548@ptcunoemail.com,prof7763
prof_pt_co3_usr_0549@ptcunoemail.com,prof7763
prof_pt_co3_usr_0550@ptcunoemail.com,prof7763
prof_pt_co3_usr_0551@ptcunoemail.com,prof7763
prof_pt_co3_usr_0552@ptcunoemail.com,prof7763
prof_pt_co3_usr_0553@ptcunoemail.com,prof7763
prof_pt_co3_usr_0554@ptcunoemail.com,prof7763
prof_pt_co3_usr_0555@ptcunoemail.com,prof7763
prof_pt_co3_usr_0556@ptcunoemail.com,prof7763
prof_pt_co3_usr_0558@ptcunoemail.com,prof7763
prof_pt_co3_usr_0559@ptcunoemail.com,prof7763
prof_pt_co3_usr_0560@ptcunoemail.com,prof7763
prof_pt_co3_usr_0561@ptcunoemail.com,prof7763
prof_pt_co3_usr_0563@ptcunoemail.com,prof7763
prof_pt_co3_usr_0564@ptcunoemail.com,prof7763
prof_pt_co3_usr_0565@ptcunoemail.com,prof7763
prof_pt_co3_usr_0566@ptcunoemail.com,prof7763
prof_pt_co3_usr_0568@ptcunoemail.com,prof7763
prof_pt_co3_usr_0569@ptcunoemail.com,prof7763
prof_pt_co3_usr_0570@ptcunoemail.com,prof7763
prof_pt_co3_usr_0571@ptcunoemail.com,prof7763
prof_pt_co3_usr_0573@ptcunoemail.com,prof7763
prof_pt_co3_usr_0574@ptcunoemail.com,prof7763
prof_pt_co3_usr_0575@ptcunoemail.com,prof7763
prof_pt_co3_usr_0576@ptcunoemail.com,prof7763
prof_pt_co3_usr_0578@ptcunoemail.com,prof7763
prof_pt_co3_usr_0579@ptcunoemail.com,prof7763
prof_pt_co3_usr_0580@ptcunoemail.com,prof7763
prof_pt_co3_usr_0581@ptcunoemail.com,prof7763
prof_pt_co3_usr_0583@ptcunoemail.com,prof7763
prof_pt_co3_usr_0584@ptcunoemail.com,prof7763
prof_pt_co3_usr_0585@ptcunoemail.com,prof7763
prof_pt_co3_usr_0586@ptcunoemail.com,prof7763
prof_pt_co3_usr_0588@ptcunoemail.com,prof7763
prof_pt_co3_usr_0589@ptcunoemail.com,prof7763
prof_pt_co3_usr_0590@ptcunoemail.com,prof7763
prof_pt_co3_usr_0591@ptcunoemail.com,prof7763
prof_pt_co3_usr_0593@ptcunoemail.com,prof7763
prof_pt_co3_usr_0594@ptcunoemail.com,prof7763
prof_pt_co3_usr_0595@ptcunoemail.com,prof7763
prof_pt_co3_usr_0596@ptcunoemail.com,prof7763
prof_pt_co3_usr_0598@ptcunoemail.com,prof7763
prof_pt_co3_usr_0599@ptcunoemail.com,prof7763
prof_pt_co3_usr_0600@ptcunoemail.com,prof7763
prof_pt_co3_usr_0601@ptcunoemail.com,prof7763
prof_pt_co3_usr_0603@ptcunoemail.com,prof7763
prof_pt_co3_usr_0604@ptcunoemail.com,prof7763
prof_pt_co3_usr_0605@ptcunoemail.com,prof7763
prof_pt_co3_usr_0606@ptcunoemail.com,prof7763
prof_pt_co3_usr_0608@ptcunoemail.com,prof7763
prof_pt_co3_usr_0609@ptcunoemail.com,prof7763
prof_pt_co3_usr_0610@ptcunoemail.com,prof7763
prof_pt_co3_usr_0611@ptcunoemail.com,prof7763
prof_pt_co3_usr_0613@ptcunoemail.com,prof7763
prof_pt_co3_usr_0614@ptcunoemail.com,prof7763
prof_pt_co3_usr_0615@ptcunoemail.com,prof7763
prof_pt_co3_usr_0616@ptcunoemail.com,prof7763
prof_pt_co3_usr_0618@ptcunoemail.com,prof7763
prof_pt_co3_usr_0619@ptcunoemail.com,prof7763
prof_pt_co3_usr_0620@ptcunoemail.com,prof7763
prof_pt_co3_usr_0621@ptcunoemail.com,prof7763
prof_pt_co3_usr_0623@ptcunoemail.com,prof7763
prof_pt_co3_usr_0624@ptcunoemail.com,prof7763
prof_pt_co3_usr_0625@ptcunoemail.com,prof7763
prof_pt_co3_usr_0626@ptcunoemail.com,prof7763
prof_pt_co3_usr_0628@ptcunoemail.com,prof7763
prof_pt_co3_usr_0629@ptcunoemail.com,prof7763
prof_pt_co3_usr_0630@ptcunoemail.com,prof7763
prof_pt_co3_usr_0631@ptcunoemail.com,prof7763
prof_pt_co3_usr_0633@ptcunoemail.com,prof7763
prof_pt_co3_usr_0634@ptcunoemail.com,prof7763
prof_pt_co3_usr_0635@ptcunoemail.com,prof7763
prof_pt_co3_usr_0636@ptcunoemail.com,prof7763
prof_pt_co3_usr_0638@ptcunoemail.com,prof7763
prof_pt_co3_usr_0639@ptcunoemail.com,prof7763
prof_pt_co3_usr_0640@ptcunoemail.com,prof7763
prof_pt_co3_usr_0641@ptcunoemail.com,prof7763
prof_pt_co3_usr_0643@ptcunoemail.com,prof7763
prof_pt_co3_usr_0644@ptcunoemail.com,prof7763
prof_pt_co3_usr_0645@ptcunoemail.com,prof7763
prof_pt_co3_usr_0646@ptcunoemail.com,prof7763
prof_pt_co3_usr_0648@ptcunoemail.com,prof7763
prof_pt_co3_usr_0649@ptcunoemail.com,prof7763
prof_pt_co3_usr_0650@ptcunoemail.com,prof7763
prof_pt_co3_usr_0651@ptcunoemail.com,prof7763
prof_pt_co3_usr_0653@ptcunoemail.com,prof7763
prof_pt_co3_usr_0654@ptcunoemail.com,prof7763
prof_pt_co3_usr_0655@ptcunoemail.com,prof7763
prof_pt_co3_usr_0656@ptcunoemail.com,prof7763
prof_pt_co3_usr_0658@ptcunoemail.com,prof7763
prof_pt_co3_usr_0659@ptcunoemail.com,prof7763
prof_pt_co3_usr_0660@ptcunoemail.com,prof7763
prof_pt_co3_usr_0661@ptcunoemail.com,prof7763
prof_pt_co3_usr_0663@ptcunoemail.com,prof7763
prof_pt_co3_usr_0664@ptcunoemail.com,prof7763
prof_pt_co3_usr_0665@ptcunoemail.com,prof7763
prof_pt_co3_usr_0666@ptcunoemail.com,prof7763
prof_pt_co3_usr_0668@ptcunoemail.com,prof7763
prof_pt_co3_usr_0669@ptcunoemail.com,prof7763
prof_pt_co3_usr_0670@ptcunoemail.com,prof7763
prof_pt_co3_usr_0671@ptcunoemail.com,prof7763
prof_pt_co3_usr_0673@ptcunoemail.com,prof7763
prof_pt_co3_usr_0674@ptcunoemail.com,prof7763
prof_pt_co3_usr_0675@ptcunoemail.com,prof7763
prof_pt_co3_usr_0676@ptcunoemail.com,prof7763
prof_pt_co3_usr_0678@ptcunoemail.com,prof7763
prof_pt_co3_usr_0679@ptcunoemail.com,prof7763
prof_pt_co3_usr_0680@ptcunoemail.com,prof7763
prof_pt_co3_usr_0681@ptcunoemail.com,prof7763
prof_pt_co3_usr_0683@ptcunoemail.com,prof7763
prof_pt_co3_usr_0684@ptcunoemail.com,prof7763
prof_pt_co3_usr_0685@ptcunoemail.com,prof7763
prof_pt_co3_usr_0686@ptcunoemail.com,prof7763
prof_pt_co3_usr_0688@ptcunoemail.com,prof7763
prof_pt_co3_usr_0689@ptcunoemail.com,prof7763
prof_pt_co3_usr_0690@ptcunoemail.com,prof7763
prof_pt_co3_usr_0691@ptcunoemail.com,prof7763
prof_pt_co3_usr_0693@ptcunoemail.com,prof7763
prof_pt_co3_usr_0694@ptcunoemail.com,prof7763
prof_pt_co3_usr_0695@ptcunoemail.com,prof7763
prof_pt_co3_usr_0696@ptcunoemail.com,prof7763
prof_pt_co3_usr_0698@ptcunoemail.com,prof7763
prof_pt_co3_usr_0699@ptcunoemail.com,prof7763
prof_pt_co3_usr_0700@ptcunoemail.com,prof7763
prof_pt_co3_usr_0701@ptcunoemail.com,prof7763
prof_pt_co3_usr_0703@ptcunoemail.com,prof7763
prof_pt_co3_usr_0704@ptcunoemail.com,prof7763
prof_pt_co3_usr_0705@ptcunoemail.com,prof7763
prof_pt_co3_usr_0706@ptcunoemail.com,prof7763
prof_pt_co3_usr_0708@ptcunoemail.com,prof7763
prof_pt_co3_usr_0709@ptcunoemail.com,prof7763
prof_pt_co3_usr_0710@ptcunoemail.com,prof7763
prof_pt_co3_usr_0711@ptcunoemail.com,prof7763
prof_pt_co3_usr_0713@ptcunoemail.com,prof7763
prof_pt_co3_usr_0714@ptcunoemail.com,prof7763
prof_pt_co3_usr_0715@ptcunoemail.com,prof7763
prof_pt_co3_usr_0716@ptcunoemail.com,prof7763
prof_pt_co3_usr_0718@ptcunoemail.com,prof7763
prof_pt_co3_usr_0719@ptcunoemail.com,prof7763
prof_pt_co3_usr_0720@ptcunoemail.com,prof7763
prof_pt_co3_usr_0721@ptcunoemail.com,prof7763
prof_pt_co3_usr_0723@ptcunoemail.com,prof7763
prof_pt_co3_usr_0724@ptcunoemail.com,prof7763
prof_pt_co3_usr_0725@ptcunoemail.com,prof7763
prof_pt_co3_usr_0726@ptcunoemail.com,prof7763
prof_pt_co3_usr_0728@ptcunoemail.com,prof7763
prof_pt_co3_usr_0729@ptcunoemail.com,prof7763
prof_pt_co3_usr_0730@ptcunoemail.com,prof7763
prof_pt_co3_usr_0731@ptcunoemail.com,prof7763
prof_pt_co3_usr_0733@ptcunoemail.com,prof7763
prof_pt_co3_usr_0734@ptcunoemail.com,prof7763
prof_pt_co3_usr_0735@ptcunoemail.com,prof7763
prof_pt_co3_usr_0736@ptcunoemail.com,prof7763
prof_pt_co3_usr_0738@ptcunoemail.com,prof7763
prof_pt_co3_usr_0739@ptcunoemail.com,prof7763
prof_pt_co3_usr_0740@ptcunoemail.com,prof7763
prof_pt_co3_usr_0741@ptcunoemail.com,prof7763
prof_pt_co3_usr_0743@ptcunoemail.com,prof7763
prof_pt_co3_usr_0744@ptcunoemail.com,prof7763
prof_pt_co3_usr_0745@ptcunoemail.com,prof7763
prof_pt_co3_usr_0746@ptcunoemail.com,prof7763
prof_pt_co3_usr_0748@ptcunoemail.com,prof7763
prof_pt_co3_usr_0749@ptcunoemail.com,prof7763
prof_pt_co3_usr_0750@ptcunoemail.com,prof7763
prof_pt_co3_usr_0751@ptcunoemail.com,prof7763
prof_pt_co3_usr_0753@ptcunoemail.com,prof7763
prof_pt_co3_usr_0754@ptcunoemail.com,prof7763
prof_pt_co3_usr_0755@ptcunoemail.com,prof7763
prof_pt_co3_usr_0756@ptcunoemail.com,prof7763
prof_pt_co3_usr_0758@ptcunoemail.com,prof7763
prof_pt_co3_usr_0759@ptcunoemail.com,prof7763
prof_pt_co3_usr_0760@ptcunoemail.com,prof7763
prof_pt_co3_usr_0761@ptcunoemail.com,prof7763
prof_pt_co3_usr_0763@ptcunoemail.com,prof7763
prof_pt_co3_usr_0764@ptcunoemail.com,prof7763
prof_pt_co3_usr_0765@ptcunoemail.com,prof7763
prof_pt_co3_usr_0766@ptcunoemail.com,prof7763
prof_pt_co3_usr_0768@ptcunoemail.com,prof7763
prof_pt_co3_usr_0769@ptcunoemail.com,prof7763
prof_pt_co3_usr_0770@ptcunoemail.com,prof7763
prof_pt_co3_usr_0771@ptcunoemail.com,prof7763
prof_pt_co3_usr_0773@ptcunoemail.com,prof7763
prof_pt_co3_usr_0774@ptcunoemail.com,prof7763
prof_pt_co3_usr_0775@ptcunoemail.com,prof7763
prof_pt_co3_usr_0776@ptcunoemail.com,prof7763
prof_pt_co3_usr_0778@ptcunoemail.com,prof7763
prof_pt_co3_usr_0779@ptcunoemail.com,prof7763
prof_pt_co3_usr_0780@ptcunoemail.com,prof7763
prof_pt_co3_usr_0781@ptcunoemail.com,prof7763
prof_pt_co3_usr_0783@ptcunoemail.com,prof7763
prof_pt_co3_usr_0784@ptcunoemail.com,prof7763
prof_pt_co3_usr_0785@ptcunoemail.com,prof7763
prof_pt_co3_usr_0786@ptcunoemail.com,prof7763
prof_pt_co3_usr_0788@ptcunoemail.com,prof7763
prof_pt_co3_usr_0789@ptcunoemail.com,prof7763
prof_pt_co3_usr_0790@ptcunoemail.com,prof7763
prof_pt_co3_usr_0791@ptcunoemail.com,prof7763
prof_pt_co3_usr_0793@ptcunoemail.com,prof7763
prof_pt_co3_usr_0794@ptcunoemail.com,prof7763
prof_pt_co3_usr_0795@ptcunoemail.com,prof7763
prof_pt_co3_usr_0796@ptcunoemail.com,prof7763
prof_pt_co3_usr_0798@ptcunoemail.com,prof7763
prof_pt_co3_usr_0799@ptcunoemail.com,prof7763
prof_pt_co3_usr_0800@ptcunoemail.com,prof7763
prof_pt_co3_usr_0801@ptcunoemail.com,prof7763
prof_pt_co3_usr_0803@ptcunoemail.com,prof7763
prof_pt_co3_usr_0804@ptcunoemail.com,prof7763
prof_pt_co3_usr_0805@ptcunoemail.com,prof7763
prof_pt_co3_usr_0806@ptcunoemail.com,prof7763
prof_pt_co3_usr_0808@ptcunoemail.com,prof7763
prof_pt_co3_usr_0809@ptcunoemail.com,prof7763
prof_pt_co3_usr_0810@ptcunoemail.com,prof7763
prof_pt_co3_usr_0811@ptcunoemail.com,prof7763
prof_pt_co3_usr_0813@ptcunoemail.com,prof7763
prof_pt_co3_usr_0814@ptcunoemail.com,prof7763
prof_pt_co3_usr_0815@ptcunoemail.com,prof7763
prof_pt_co3_usr_0816@ptcunoemail.com,prof7763
prof_pt_co3_usr_0818@ptcunoemail.com,prof7763
prof_pt_co3_usr_0819@ptcunoemail.com,prof7763
prof_pt_co3_usr_0820@ptcunoemail.com,prof7763
prof_pt_co3_usr_0821@ptcunoemail.com,prof7763
prof_pt_co3_usr_0823@ptcunoemail.com,prof7763
prof_pt_co3_usr_0824@ptcunoemail.com,prof7763
prof_pt_co3_usr_0825@ptcunoemail.com,prof7763
prof_pt_co3_usr_0826@ptcunoemail.com,prof7763
prof_pt_co3_usr_0828@ptcunoemail.com,prof7763
prof_pt_co3_usr_0829@ptcunoemail.com,prof7763
prof_pt_co3_usr_0830@ptcunoemail.com,prof7763
prof_pt_co3_usr_0831@ptcunoemail.com,prof7763
prof_pt_co3_usr_0833@ptcunoemail.com,prof7763
prof_pt_co3_usr_0834@ptcunoemail.com,prof7763
prof_pt_co3_usr_0835@ptcunoemail.com,prof7763
prof_pt_co3_usr_0836@ptcunoemail.com,prof7763
prof_pt_co3_usr_0838@ptcunoemail.com,prof7763
prof_pt_co3_usr_0839@ptcunoemail.com,prof7763
prof_pt_co3_usr_0840@ptcunoemail.com,prof7763
prof_pt_co3_usr_0841@ptcunoemail.com,prof7763
prof_pt_co3_usr_0843@ptcunoemail.com,prof7763
prof_pt_co3_usr_0844@ptcunoemail.com,prof7763
prof_pt_co3_usr_0845@ptcunoemail.com,prof7763
prof_pt_co3_usr_0846@ptcunoemail.com,prof7763
prof_pt_co3_usr_0848@ptcunoemail.com,prof7763
prof_pt_co3_usr_0849@ptcunoemail.com,prof7763
prof_pt_co3_usr_0850@ptcunoemail.com,prof7763
prof_pt_co3_usr_0851@ptcunoemail.com,prof7763
prof_pt_co3_usr_0853@ptcunoemail.com,prof7763
prof_pt_co3_usr_0854@ptcunoemail.com,prof7763
prof_pt_co3_usr_0855@ptcunoemail.com,prof7763
prof_pt_co3_usr_0856@ptcunoemail.com,prof7763
prof_pt_co3_usr_0858@ptcunoemail.com,prof7763
prof_pt_co3_usr_0859@ptcunoemail.com,prof7763
prof_pt_co3_usr_0860@ptcunoemail.com,prof7763
prof_pt_co3_usr_0861@ptcunoemail.com,prof7763
prof_pt_co3_usr_0863@ptcunoemail.com,prof7763
prof_pt_co3_usr_0864@ptcunoemail.com,prof7763
prof_pt_co3_usr_0865@ptcunoemail.com,prof7763
prof_pt_co3_usr_0866@ptcunoemail.com,prof7763
prof_pt_co3_usr_0868@ptcunoemail.com,prof7763
prof_pt_co3_usr_0869@ptcunoemail.com,prof7763
prof_pt_co3_usr_0870@ptcunoemail.com,prof7763
prof_pt_co3_usr_0871@ptcunoemail.com,prof7763
prof_pt_co3_usr_0873@ptcunoemail.com,prof7763
prof_pt_co3_usr_0874@ptcunoemail.com,prof7763
prof_pt_co3_usr_0875@ptcunoemail.com,prof7763
prof_pt_co3_usr_0876@ptcunoemail.com,prof7763
prof_pt_co3_usr_0878@ptcunoemail.com,prof7763
prof_pt_co3_usr_0879@ptcunoemail.com,prof7763
prof_pt_co3_usr_0880@ptcunoemail.com,prof7763
prof_pt_co3_usr_0881@ptcunoemail.com,prof7763
prof_pt_co3_usr_0883@ptcunoemail.com,prof7763
prof_pt_co3_usr_0884@ptcunoemail.com,prof7763
prof_pt_co3_usr_0885@ptcunoemail.com,prof7763
prof_pt_co3_usr_0886@ptcunoemail.com,prof7763
prof_pt_co3_usr_0888@ptcunoemail.com,prof7763
prof_pt_co3_usr_0889@ptcunoemail.com,prof7763
prof_pt_co3_usr_0890@ptcunoemail.com,prof7763
prof_pt_co3_usr_0891@ptcunoemail.com,prof7763
prof_pt_co3_usr_0893@ptcunoemail.com,prof7763
prof_pt_co3_usr_0894@ptcunoemail.com,prof7763
prof_pt_co3_usr_0895@ptcunoemail.com,prof7763
prof_pt_co3_usr_0896@ptcunoemail.com,prof7763
prof_pt_co3_usr_0898@ptcunoemail.com,prof7763
prof_pt_co3_usr_0899@ptcunoemail.com,prof7763
prof_pt_co3_usr_0900@ptcunoemail.com,prof7763
prof_pt_co3_usr_0901@ptcunoemail.com,prof7763
prof_pt_co3_usr_0903@ptcunoemail.com,prof7763
prof_pt_co3_usr_0904@ptcunoemail.com,prof7763
prof_pt_co3_usr_0905@ptcunoemail.com,prof7763
prof_pt_co3_usr_0906@ptcunoemail.com,prof7763
prof_pt_co3_usr_0908@ptcunoemail.com,prof7763
prof_pt_co3_usr_0909@ptcunoemail.com,prof7763
prof_pt_co3_usr_0910@ptcunoemail.com,prof7763
prof_pt_co3_usr_0911@ptcunoemail.com,prof7763
prof_pt_co3_usr_0913@ptcunoemail.com,prof7763
prof_pt_co3_usr_0914@ptcunoemail.com,prof7763
prof_pt_co3_usr_0915@ptcunoemail.com,prof7763
prof_pt_co3_usr_0916@ptcunoemail.com,prof7763
prof_pt_co3_usr_0918@ptcunoemail.com,prof7763
prof_pt_co3_usr_0919@ptcunoemail.com,prof7763
prof_pt_co3_usr_0920@ptcunoemail.com,prof7763
prof_pt_co3_usr_0921@ptcunoemail.com,prof7763
prof_pt_co3_usr_0923@ptcunoemail.com,prof7763
prof_pt_co3_usr_0924@ptcunoemail.com,prof7763
prof_pt_co3_usr_0925@ptcunoemail.com,prof7763
prof_pt_co3_usr_0926@ptcunoemail.com,prof7763
prof_pt_co3_usr_0928@ptcunoemail.com,prof7763
prof_pt_co3_usr_0929@ptcunoemail.com,prof7763
prof_pt_co3_usr_0930@ptcunoemail.com,prof7763
prof_pt_co3_usr_0931@ptcunoemail.com,prof7763
prof_pt_co3_usr_0933@ptcunoemail.com,prof7763
prof_pt_co3_usr_0934@ptcunoemail.com,prof7763
prof_pt_co3_usr_0935@ptcunoemail.com,prof7763
prof_pt_co3_usr_0936@ptcunoemail.com,prof7763
prof_pt_co3_usr_0938@ptcunoemail.com,prof7763
prof_pt_co3_usr_0939@ptcunoemail.com,prof7763
prof_pt_co3_usr_0940@ptcunoemail.com,prof7763
prof_pt_co3_usr_0941@ptcunoemail.com,prof7763
prof_pt_co3_usr_0943@ptcunoemail.com,prof7763
prof_pt_co3_usr_0944@ptcunoemail.com,prof7763
prof_pt_co3_usr_0945@ptcunoemail.com,prof7763
prof_pt_co3_usr_0946@ptcunoemail.com,prof7763
prof_pt_co3_usr_0948@ptcunoemail.com,prof7763
prof_pt_co3_usr_0949@ptcunoemail.com,prof7763
prof_pt_co3_usr_0950@ptcunoemail.com,prof7763
prof_pt_co3_usr_0951@ptcunoemail.com,prof7763
prof_pt_co3_usr_0953@ptcunoemail.com,prof7763
prof_pt_co3_usr_0954@ptcunoemail.com,prof7763
prof_pt_co3_usr_0955@ptcunoemail.com,prof7763
prof_pt_co3_usr_0956@ptcunoemail.com,prof7763
prof_pt_co3_usr_0958@ptcunoemail.com,prof7763
prof_pt_co3_usr_0959@ptcunoemail.com,prof7763
prof_pt_co3_usr_0960@ptcunoemail.com,prof7763
prof_pt_co3_usr_0961@ptcunoemail.com,prof7763
prof_pt_co3_usr_0963@ptcunoemail.com,prof7763
prof_pt_co3_usr_0964@ptcunoemail.com,prof7763
prof_pt_co3_usr_0965@ptcunoemail.com,prof7763
prof_pt_co3_usr_0966@ptcunoemail.com,prof7763
prof_pt_co3_usr_0968@ptcunoemail.com,prof7763
prof_pt_co3_usr_0969@ptcunoemail.com,prof7763
prof_pt_co3_usr_0970@ptcunoemail.com,prof7763
prof_pt_co3_usr_0971@ptcunoemail.com,prof7763
prof_pt_co3_usr_0973@ptcunoemail.com,prof7763
prof_pt_co3_usr_0974@ptcunoemail.com,prof7763
prof_pt_co3_usr_0975@ptcunoemail.com,prof7763
prof_pt_co3_usr_0976@ptcunoemail.com,prof7763
prof_pt_co3_usr_0978@ptcunoemail.com,prof7763
prof_pt_co3_usr_0979@ptcunoemail.com,prof7763
prof_pt_co3_usr_0980@ptcunoemail.com,prof7763
prof_pt_co3_usr_0981@ptcunoemail.com,prof7763
prof_pt_co3_usr_0983@ptcunoemail.com,prof7763
prof_pt_co3_usr_0984@ptcunoemail.com,prof7763
prof_pt_co3_usr_0985@ptcunoemail.com,prof7763
prof_pt_co3_usr_0986@ptcunoemail.com,prof7763
prof_pt_co3_usr_0988@ptcunoemail.com,prof7763
prof_pt_co3_usr_0989@ptcunoemail.com,prof7763
prof_pt_co3_usr_0990@ptcunoemail.com,prof7763
prof_pt_co3_usr_0991@ptcunoemail.com,prof7763
prof_pt_co3_usr_0993@ptcunoemail.com,prof7763
prof_pt_co3_usr_0994@ptcunoemail.com,prof7763
prof_pt_co3_usr_0995@ptcunoemail.com,prof7763
prof_pt_co3_usr_0996@ptcunoemail.com,prof7763
prof_pt_co3_usr_0998@ptcunoemail.com,prof7763
prof_pt_co3_usr_0999@ptcunoemail.com,prof7763
prof_pt_co3_usr_1000@ptcunoemail.com,prof7763
prof_pt_co3_usr_1001@ptcunoemail.com,prof7763
prof_pt_co3_usr_1003@ptcunoemail.com,prof7763
prof_pt_co3_usr_1004@ptcunoemail.com,prof7763
prof_pt_co3_usr_1005@ptcunoemail.com,prof7763
prof_pt_co3_usr_1006@ptcunoemail.com,prof7763
prof_pt_co3_usr_1008@ptcunoemail.com,prof7763
prof_pt_co3_usr_1009@ptcunoemail.com,prof7763
prof_pt_co3_usr_1010@ptcunoemail.com,prof7763
prof_pt_co3_usr_1011@ptcunoemail.com,prof7763
prof_pt_co3_usr_1013@ptcunoemail.com,prof7763
prof_pt_co3_usr_1014@ptcunoemail.com,prof7763
prof_pt_co3_usr_1015@ptcunoemail.com,prof7763
prof_pt_co3_usr_1016@ptcunoemail.com,prof7763
prof_pt_co3_usr_1018@ptcunoemail.com,prof7763
prof_pt_co3_usr_1019@ptcunoemail.com,prof7763
prof_pt_co3_usr_1020@ptcunoemail.com,prof7763
prof_pt_co3_usr_1021@ptcunoemail.com,prof7763
prof_pt_co3_usr_1023@ptcunoemail.com,prof7763
prof_pt_co3_usr_1024@ptcunoemail.com,prof7763
prof_pt_co3_usr_1025@ptcunoemail.com,prof7763
prof_pt_co3_usr_1026@ptcunoemail.com,prof7763
prof_pt_co3_usr_1028@ptcunoemail.com,prof7763
prof_pt_co3_usr_1029@ptcunoemail.com,prof7763
prof_pt_co3_usr_1030@ptcunoemail.com,prof7763
prof_pt_co3_usr_1031@ptcunoemail.com,prof7763
prof_pt_co3_usr_1033@ptcunoemail.com,prof7763
prof_pt_co3_usr_1034@ptcunoemail.com,prof7763
prof_pt_co3_usr_1035@ptcunoemail.com,prof7763
prof_pt_co3_usr_1036@ptcunoemail.com,prof7763
prof_pt_co3_usr_1038@ptcunoemail.com,prof7763
prof_pt_co3_usr_1039@ptcunoemail.com,prof7763
prof_pt_co3_usr_1040@ptcunoemail.com,prof7763
prof_pt_co3_usr_1041@ptcunoemail.com,prof7763
prof_pt_co3_usr_1043@ptcunoemail.com,prof7763
prof_pt_co3_usr_1044@ptcunoemail.com,prof7763
prof_pt_co3_usr_1045@ptcunoemail.com,prof7763
prof_pt_co3_usr_1046@ptcunoemail.com,prof7763
prof_pt_co3_usr_1048@ptcunoemail.com,prof7763
prof_pt_co3_usr_1049@ptcunoemail.com,prof7763
prof_pt_co3_usr_1050@ptcunoemail.com,prof7763
prof_pt_co3_usr_1051@ptcunoemail.com,prof7763
prof_pt_co3_usr_1053@ptcunoemail.com,prof7763
prof_pt_co3_usr_1054@ptcunoemail.com,prof7763
prof_pt_co3_usr_1055@ptcunoemail.com,prof7763
prof_pt_co3_usr_1056@ptcunoemail.com,prof7763
prof_pt_co3_usr_1058@ptcunoemail.com,prof7763
prof_pt_co3_usr_1059@ptcunoemail.com,prof7763
prof_pt_co3_usr_1060@ptcunoemail.com,prof7763
prof_pt_co3_usr_1061@ptcunoemail.com,prof7763
prof_pt_co3_usr_1063@ptcunoemail.com,prof7763
prof_pt_co3_usr_1064@ptcunoemail.com,prof7763
prof_pt_co3_usr_1065@ptcunoemail.com,prof7763
prof_pt_co3_usr_1066@ptcunoemail.com,prof7763
prof_pt_co3_usr_1068@ptcunoemail.com,prof7763
prof_pt_co3_usr_1069@ptcunoemail.com,prof7763
prof_pt_co3_usr_1070@ptcunoemail.com,prof7763
prof_pt_co3_usr_1071@ptcunoemail.com,prof7763
prof_pt_co3_usr_1073@ptcunoemail.com,prof7763
prof_pt_co3_usr_1074@ptcunoemail.com,prof7763
prof_pt_co3_usr_1075@ptcunoemail.com,prof7763
prof_pt_co3_usr_1076@ptcunoemail.com,prof7763
prof_pt_co3_usr_1078@ptcunoemail.com,prof7763
prof_pt_co3_usr_1079@ptcunoemail.com,prof7763
prof_pt_co3_usr_1080@ptcunoemail.com,prof7763
prof_pt_co3_usr_1081@ptcunoemail.com,prof7763
prof_pt_co3_usr_1083@ptcunoemail.com,prof7763
prof_pt_co3_usr_1084@ptcunoemail.com,prof7763
prof_pt_co3_usr_1085@ptcunoemail.com,prof7763
prof_pt_co3_usr_1086@ptcunoemail.com,prof7763
prof_pt_co3_usr_1088@ptcunoemail.com,prof7763
prof_pt_co3_usr_1089@ptcunoemail.com,prof7763
prof_pt_co3_usr_1090@ptcunoemail.com,prof7763
prof_pt_co3_usr_1091@ptcunoemail.com,prof7763
prof_pt_co3_usr_1093@ptcunoemail.com,prof7763
prof_pt_co3_usr_1094@ptcunoemail.com,prof7763
prof_pt_co3_usr_1095@ptcunoemail.com,prof7763
prof_pt_co3_usr_1096@ptcunoemail.com,prof7763
prof_pt_co3_usr_1098@ptcunoemail.com,prof7763
prof_pt_co3_usr_1099@ptcunoemail.com,prof7763
prof_pt_co3_usr_1100@ptcunoemail.com,prof7763
prof_pt_co3_usr_1101@ptcunoemail.com,prof7763
prof_pt_co3_usr_1103@ptcunoemail.com,prof7763
prof_pt_co3_usr_1104@ptcunoemail.com,prof7763
prof_pt_co3_usr_1105@ptcunoemail.com,prof7763
prof_pt_co3_usr_1106@ptcunoemail.com,prof7763
prof_pt_co3_usr_1108@ptcunoemail.com,prof7763
prof_pt_co3_usr_1109@ptcunoemail.com,prof7763
prof_pt_co3_usr_1110@ptcunoemail.com,prof7763
prof_pt_co3_usr_1111@ptcunoemail.com,prof7763
prof_pt_co3_usr_1113@ptcunoemail.com,prof7763
prof_pt_co3_usr_1114@ptcunoemail.com,prof7763
prof_pt_co3_usr_1115@ptcunoemail.com,prof7763
prof_pt_co3_usr_1116@ptcunoemail.com,prof7763
prof_pt_co3_usr_1118@ptcunoemail.com,prof7763
prof_pt_co3_usr_1119@ptcunoemail.com,prof7763
prof_pt_co3_usr_1120@ptcunoemail.com,prof7763
prof_pt_co3_usr_1121@ptcunoemail.com,prof7763
prof_pt_co3_usr_1123@ptcunoemail.com,prof7763
prof_pt_co3_usr_1124@ptcunoemail.com,prof7763
prof_pt_co3_usr_1125@ptcunoemail.com,prof7763
prof_pt_co3_usr_1126@ptcunoemail.com,prof7763
prof_pt_co3_usr_1128@ptcunoemail.com,prof7763
prof_pt_co3_usr_1129@ptcunoemail.com,prof7763
prof_pt_co3_usr_1130@ptcunoemail.com,prof7763
prof_pt_co3_usr_1131@ptcunoemail.com,prof7763
prof_pt_co3_usr_1133@ptcunoemail.com,prof7763
prof_pt_co3_usr_1134@ptcunoemail.com,prof7763
prof_pt_co3_usr_1135@ptcunoemail.com,prof7763
prof_pt_co3_usr_1136@ptcunoemail.com,prof7763
prof_pt_co3_usr_1138@ptcunoemail.com,prof7763
prof_pt_co3_usr_1139@ptcunoemail.com,prof7763
prof_pt_co3_usr_1140@ptcunoemail.com,prof7763
prof_pt_co3_usr_1141@ptcunoemail.com,prof7763
prof_pt_co3_usr_1143@ptcunoemail.com,prof7763
prof_pt_co3_usr_1144@ptcunoemail.com,prof7763
prof_pt_co3_usr_1145@ptcunoemail.com,prof7763
prof_pt_co3_usr_1146@ptcunoemail.com,prof7763
prof_pt_co3_usr_1148@ptcunoemail.com,prof7763
prof_pt_co3_usr_1149@ptcunoemail.com,prof7763
prof_pt_co3_usr_1150@ptcunoemail.com,prof7763
prof_pt_co3_usr_1151@ptcunoemail.com,prof7763
prof_pt_co3_usr_1153@ptcunoemail.com,prof7763
prof_pt_co3_usr_1154@ptcunoemail.com,prof7763
prof_pt_co3_usr_1155@ptcunoemail.com,prof7763
prof_pt_co3_usr_1156@ptcunoemail.com,prof7763
prof_pt_co3_usr_1158@ptcunoemail.com,prof7763
prof_pt_co3_usr_1159@ptcunoemail.com,prof7763
prof_pt_co3_usr_1160@ptcunoemail.com,prof7763
prof_pt_co3_usr_1161@ptcunoemail.com,prof7763
prof_pt_co3_usr_1163@ptcunoemail.com,prof7763
prof_pt_co3_usr_1164@ptcunoemail.com,prof7763
prof_pt_co3_usr_1165@ptcunoemail.com,prof7763
prof_pt_co3_usr_1166@ptcunoemail.com,prof7763
prof_pt_co3_usr_1168@ptcunoemail.com,prof7763
prof_pt_co3_usr_1169@ptcunoemail.com,prof7763
prof_pt_co3_usr_1170@ptcunoemail.com,prof7763
prof_pt_co3_usr_1171@ptcunoemail.com,prof7763
prof_pt_co3_usr_1173@ptcunoemail.com,prof7763
prof_pt_co3_usr_1174@ptcunoemail.com,prof7763
prof_pt_co3_usr_1175@ptcunoemail.com,prof7763
prof_pt_co3_usr_1176@ptcunoemail.com,prof7763
prof_pt_co3_usr_1178@ptcunoemail.com,prof7763
prof_pt_co3_usr_1179@ptcunoemail.com,prof7763
prof_pt_co3_usr_1180@ptcunoemail.com,prof7763
prof_pt_co3_usr_1181@ptcunoemail.com,prof7763
prof_pt_co3_usr_1183@ptcunoemail.com,prof7763
prof_pt_co3_usr_1184@ptcunoemail.com,prof7763
prof_pt_co3_usr_1185@ptcunoemail.com,prof7763
prof_pt_co3_usr_1186@ptcunoemail.com,prof7763
prof_pt_co3_usr_1188@ptcunoemail.com,prof7763
prof_pt_co3_usr_1189@ptcunoemail.com,prof7763
prof_pt_co3_usr_1190@ptcunoemail.com,prof7763
prof_pt_co3_usr_1191@ptcunoemail.com,prof7763
prof_pt_co3_usr_1193@ptcunoemail.com,prof7763
prof_pt_co3_usr_1194@ptcunoemail.com,prof7763
prof_pt_co3_usr_1195@ptcunoemail.com,prof7763
prof_pt_co3_usr_1196@ptcunoemail.com,prof7763
prof_pt_co3_usr_1198@ptcunoemail.com,prof7763
prof_pt_co3_usr_1199@ptcunoemail.com,prof7763
prof_pt_co3_usr_1200@ptcunoemail.com,prof7763
prof_pt_co3_usr_1201@ptcunoemail.com,prof7763
prof_pt_co3_usr_1203@ptcunoemail.com,prof7763
prof_pt_co3_usr_1204@ptcunoemail.com,prof7763
prof_pt_co3_usr_1205@ptcunoemail.com,prof7763
prof_pt_co3_usr_1206@ptcunoemail.com,prof7763
prof_pt_co3_usr_1208@ptcunoemail.com,prof7763
prof_pt_co3_usr_1209@ptcunoemail.com,prof7763
prof_pt_co3_usr_1210@ptcunoemail.com,prof7763
prof_pt_co3_usr_1211@ptcunoemail.com,prof7763
prof_pt_co3_usr_1213@ptcunoemail.com,prof7763
prof_pt_co3_usr_1214@ptcunoemail.com,prof7763
prof_pt_co3_usr_1215@ptcunoemail.com,prof7763
prof_pt_co3_usr_1216@ptcunoemail.com,prof7763
prof_pt_co3_usr_1218@ptcunoemail.com,prof7763
prof_pt_co3_usr_1219@ptcunoemail.com,prof7763
prof_pt_co3_usr_1220@ptcunoemail.com,prof7763
prof_pt_co3_usr_1221@ptcunoemail.com,prof7763
prof_pt_co3_usr_1223@ptcunoemail.com,prof7763
prof_pt_co3_usr_1224@ptcunoemail.com,prof7763
prof_pt_co3_usr_1225@ptcunoemail.com,prof7763
prof_pt_co3_usr_1226@ptcunoemail.com,prof7763
prof_pt_co3_usr_1228@ptcunoemail.com,prof7763
prof_pt_co3_usr_1229@ptcunoemail.com,prof7763
prof_pt_co3_usr_1230@ptcunoemail.com,prof7763
prof_pt_co3_usr_1231@ptcunoemail.com,prof7763
prof_pt_co3_usr_1233@ptcunoemail.com,prof7763
prof_pt_co3_usr_1234@ptcunoemail.com,prof7763
prof_pt_co3_usr_1235@ptcunoemail.com,prof7763
prof_pt_co3_usr_1236@ptcunoemail.com,prof7763
prof_pt_co3_usr_1238@ptcunoemail.com,prof7763
prof_pt_co3_usr_1239@ptcunoemail.com,prof7763
prof_pt_co3_usr_1240@ptcunoemail.com,prof7763
prof_pt_co3_usr_1241@ptcunoemail.com,prof7763
prof_pt_co3_usr_1243@ptcunoemail.com,prof7763
prof_pt_co3_usr_1244@ptcunoemail.com,prof7763
prof_pt_co3_usr_1245@ptcunoemail.com,prof7763
prof_pt_co3_usr_1246@ptcunoemail.com,prof7763
prof_pt_co3_usr_1248@ptcunoemail.com,prof7763
prof_pt_co3_usr_1249@ptcunoemail.com,prof7763
prof_pt_co3_usr_1250@ptcunoemail.com,prof7763
prof_pt_co3_usr_1251@ptcunoemail.com,prof7763
prof_pt_co3_usr_1253@ptcunoemail.com,prof7763
prof_pt_co3_usr_1254@ptcunoemail.com,prof7763
prof_pt_co3_usr_1255@ptcunoemail.com,prof7763
prof_pt_co3_usr_1256@ptcunoemail.com,prof7763
prof_pt_co3_usr_1258@ptcunoemail.com,prof7763
prof_pt_co3_usr_1259@ptcunoemail.com,prof7763
prof_pt_co3_usr_1260@ptcunoemail.com,prof7763
prof_pt_co3_usr_1261@ptcunoemail.com,prof7763
prof_pt_co3_usr_1263@ptcunoemail.com,prof7763
prof_pt_co3_usr_1264@ptcunoemail.com,prof7763
prof_pt_co3_usr_1265@ptcunoemail.com,prof7763
prof_pt_co3_usr_1266@ptcunoemail.com,prof7763
prof_pt_co3_usr_1268@ptcunoemail.com,prof7763
prof_pt_co3_usr_1269@ptcunoemail.com,prof7763
prof_pt_co3_usr_1270@ptcunoemail.com,prof7763
prof_pt_co3_usr_1271@ptcunoemail.com,prof7763
prof_pt_co3_usr_1273@ptcunoemail.com,prof7763
prof_pt_co3_usr_1274@ptcunoemail.com,prof7763
prof_pt_co3_usr_1275@ptcunoemail.com,prof7763
prof_pt_co3_usr_1276@ptcunoemail.com,prof7763
prof_pt_co3_usr_1278@ptcunoemail.com,prof7763
prof_pt_co3_usr_1279@ptcunoemail.com,prof7763
prof_pt_co3_usr_1280@ptcunoemail.com,prof7763
prof_pt_co3_usr_1281@ptcunoemail.com,prof7763
prof_pt_co3_usr_1283@ptcunoemail.com,prof7763
prof_pt_co3_usr_1284@ptcunoemail.com,prof7763
prof_pt_co3_usr_1285@ptcunoemail.com,prof7763
prof_pt_co3_usr_1286@ptcunoemail.com,prof7763
prof_pt_co3_usr_1288@ptcunoemail.com,prof7763
prof_pt_co3_usr_1289@ptcunoemail.com,prof7763
prof_pt_co3_usr_1290@ptcunoemail.com,prof7763
prof_pt_co3_usr_1291@ptcunoemail.com,prof7763
prof_pt_co3_usr_1293@ptcunoemail.com,prof7763
prof_pt_co3_usr_1294@ptcunoemail.com,prof7763
prof_pt_co3_usr_1295@ptcunoemail.com,prof7763
prof_pt_co3_usr_1296@ptcunoemail.com,prof7763
prof_pt_co3_usr_1298@ptcunoemail.com,prof7763
prof_pt_co3_usr_1299@ptcunoemail.com,prof7763
prof_pt_co3_usr_1300@ptcunoemail.com,prof7763
prof_pt_co3_usr_1301@ptcunoemail.com,prof7763
prof_pt_co3_usr_1303@ptcunoemail.com,prof7763
prof_pt_co3_usr_1304@ptcunoemail.com,prof7763
prof_pt_co3_usr_1305@ptcunoemail.com,prof7763
prof_pt_co3_usr_1306@ptcunoemail.com,prof7763
prof_pt_co3_usr_1308@ptcunoemail.com,prof7763
prof_pt_co3_usr_1309@ptcunoemail.com,prof7763
prof_pt_co3_usr_1310@ptcunoemail.com,prof7763
prof_pt_co3_usr_1311@ptcunoemail.com,prof7763
prof_pt_co3_usr_1313@ptcunoemail.com,prof7763
prof_pt_co3_usr_1314@ptcunoemail.com,prof7763
prof_pt_co3_usr_1315@ptcunoemail.com,prof7763
prof_pt_co3_usr_1316@ptcunoemail.com,prof7763